-- phpMyAdmin SQL Dump
-- version 5.2.1
-- https://www.phpmyadmin.net/
--
-- Host: 127.0.0.1
-- Generation Time: Jan 10, 2024 at 04:37 PM
-- Server version: 10.4.32-MariaDB
-- PHP Version: 8.2.12

SET SQL_MODE = "NO_AUTO_VALUE_ON_ZERO";
START TRANSACTION;
SET time_zone = "+00:00";


/*!40101 SET @OLD_CHARACTER_SET_CLIENT=@@CHARACTER_SET_CLIENT */;
/*!40101 SET @OLD_CHARACTER_SET_RESULTS=@@CHARACTER_SET_RESULTS */;
/*!40101 SET @OLD_COLLATION_CONNECTION=@@COLLATION_CONNECTION */;
/*!40101 SET NAMES utf8mb4 */;

--
-- Database: `hayleys_system`
--

-- --------------------------------------------------------

--
-- Table structure for table `inbound`
--

CREATE TABLE `inbound` (
  `id` int(50) NOT NULL,
  `description` varchar(500) NOT NULL,
  `date` date NOT NULL DEFAULT current_timestamp(),
  `time` time NOT NULL DEFAULT current_timestamp(),
  `confirm` varchar(50) NOT NULL DEFAULT 'unbegun',
  `user` varchar(50) NOT NULL DEFAULT 'Currently Unavailable',
  `starttime` time NOT NULL,
  `endtime` time NOT NULL,
  `admin` varchar(50) NOT NULL
) ENGINE=InnoDB DEFAULT CHARSET=utf8mb4 COLLATE=utf8mb4_general_ci;

--
-- Dumping data for table `inbound`
--

INSERT INTO `inbound` (`id`, `description`, `date`, `time`, `confirm`, `user`, `starttime`, `endtime`, `admin`) VALUES
(1, 'Hemas', '2024-01-03', '22:44:03', 'finished', 'User Employee', '22:49:00', '19:50:11', '1'),
(2, 'NSBM', '2024-01-03', '22:44:18', 'finished', 'Kumar Sanga', '22:44:57', '22:47:44', '1'),
(3, 'Cocacola', '2024-01-03', '22:44:30', 'finished', 'User Employee', '14:11:28', '14:14:38', '1'),
(4, 'Pizza Hut', '2024-01-05', '19:50:36', 'ongoing', 'User Employee', '19:50:54', '00:00:00', '1'),
(5, 'SLIIT', '2024-01-05', '20:57:27', 'unbegun', 'Currently Unavailable', '00:00:00', '00:00:00', '1');

-- --------------------------------------------------------

--
-- Table structure for table `inbounddetails`
--

CREATE TABLE `inbounddetails` (
  `inboundid` int(50) NOT NULL,
  `recno` int(50) NOT NULL,
  `skucode` varchar(50) NOT NULL,
  `name` varchar(250) NOT NULL,
  `expqty` int(50) NOT NULL,
  `ap` int(50) NOT NULL,
  `dm` int(50) NOT NULL,
  `tolot` varchar(50) NOT NULL,
  `phyqty` int(50) NOT NULL,
  `remark` varchar(500) NOT NULL,
  `confirm` tinyint(1) NOT NULL DEFAULT 0
) ENGINE=InnoDB DEFAULT CHARSET=utf8mb4 COLLATE=utf8mb4_general_ci;

--
-- Dumping data for table `inbounddetails`
--

INSERT INTO `inbounddetails` (`inboundid`, `recno`, `skucode`, `name`, `expqty`, `ap`, `dm`, `tolot`, `phyqty`, `remark`, `confirm`) VALUES
(1, 50465235, '1600200029', 'Plain bearing', 3, 0, 0, '', 0, '', 0),
(1, 50465235, '1600A000VY', 'Air Hose', 1, 1, 0, '', 1, '', 1),
(1, 50465235, '1600A003G4', 'BRUSH HOLDER', 5, 0, 0, '', 0, '', 0),
(1, 50465235, '1600A004BS', 'Electronic Assembly', 1, 1, 0, '', 1, '', 1),
(1, 50465235, '1600A008RV', 'Flange', 10, 0, 0, '', 0, '', 1),
(1, 50465235, '1600A00F8P', 'Gear Box', 2, 1, 1, '', 2, '', 1),
(1, 50465235, '1600A00FG7', 'Electronics Module', 1, 0, 0, '', 0, '', 0),
(1, 50465235, '1600A00HR1', 'Fast Charger 230V GSR 120 LI', 5, 0, 0, '', 0, '', 1),
(1, 50465235, '1600A00N61', 'Gear Box', 1, 1, 0, '', 1, '', 1),
(1, 50465235, '1600A011KB', 'BRUSH HOLDER', 10, 5, 4, '', 9, '', 1),
(1, 50465235, '1600A014FM', 'Shift-Lever Knob', 5, 0, 0, '', 0, '', 0),
(1, 50465235, '1600A014L1', 'Bracket', 30, 0, 0, '', 0, '', 0),
(1, 50465235, '1600A014L3', 'Baseplate', 35, 0, 0, '', 0, '', 0),
(1, 50465235, '1600A014L4', 'Pad', 10, 0, 0, '', 0, '', 0),
(1, 50465235, '1600A014UK', 'Nut', 10, 0, 0, '', 0, '', 0),
(1, 50465235, '160202508X', 'AUXILIARY HANDLE', 2, 0, 0, '', 0, '', 0),
(1, 50465235, '1602026057', 'SWITCH HANDLE', 20, 0, 0, '', 0, '', 0),
(1, 50465235, '1602026068', 'SWITCH HANDLE', 15, 0, 0, '', 0, '', 0),
(1, 50465235, '160343005U', 'CREW', 20, 0, 0, '', 0, '', 0),
(1, 50465235, '1603435078', 'Torx Oval-Head Screw', 10, 0, 0, '', 0, '', 0),
(1, 50465235, '1603523111', 'GRINDING SPINDLE', 5, 0, 0, '', 0, '', 0),
(1, 50465235, '1604010626', 'Armature', 50, 0, 0, '', 0, '', 0),
(1, 50465235, '1604010633', 'Armature With Fan', 1, 0, 0, '', 0, '', 0),
(1, 50465235, '1604010A22', 'Armature With Fan 220-240V GWS 14-125 CI', 3, 0, 0, '', 0, '', 0),
(1, 50465235, '1604010B6R', 'Armature', 3, 0, 0, '', 0, '', 0),
(1, 50465235, '1604010B9J', 'Armature-GKS 140', 25, 0, 0, '', 0, '', 0),
(1, 50465235, '1604010BC1', 'Armature', 1, 0, 0, '', 0, '', 0),
(1, 50465235, '1604010BK6', 'Armature', 10, 0, 0, '', 0, '', 0),
(1, 50465235, '1604011252', 'Armature', 5, 0, 0, '', 0, '', 0),
(1, 50465235, '1604220328', 'FIELD', 20, 0, 0, '', 0, '', 0),
(1, 50465235, '1604220380', 'FIELD', 5, 0, 0, '', 0, '', 0),
(1, 50465235, '1604220455', 'FIELD', 2, 0, 0, '', 0, '', 0),
(1, 50465235, '1604220457', 'FIELD', 10, 0, 0, '', 0, '', 0),
(1, 50465235, '1604220470', 'FIELD', 3, 0, 0, '', 0, '', 0),
(1, 50465235, '160422052J', 'FIELD', 3, 0, 0, '', 0, '', 0),
(1, 50465235, '1604336021', 'BRUSH HOLDER', 30, 0, 0, '', 0, '', 0),
(1, 50465235, '1604652006', 'Spiral Spring', 10, 0, 0, '', 0, '', 0),
(1, 50465235, '160465202M', 'Spiral Spring', 5, 0, 0, '', 0, '', 0),
(1, 50465235, '1605108190', 'Motor Housing', 1, 0, 0, '', 0, '', 0),
(1, 50465235, '1605500278', 'Housing Cover', 1, 0, 0, '', 0, '', 0),
(1, 50465235, '1605805090', 'Bearing Flange BLACK GWS 8-100 C', 3, 0, 0, '', 0, '', 0),
(1, 50465235, '1605806466', 'GEAR HOUSING', 5, 0, 0, '', 0, '', 0),
(1, 50465235, '16058065SB', 'GEAR HOUSING(GWS 14-125 CI)', 1, 0, 0, '', 0, '', 0),
(1, 50465235, '1607000298', 'PUSH-BUTTON', 10, 0, 0, '', 0, '', 0),
(1, 50465235, '1607000967', 'ON-OFF SWITCH', 1, 0, 0, '', 0, '', 0),
(1, 50465235, '1607000971', 'Switch', 1, 0, 0, '', 0, '', 0),
(1, 50465235, '1607000C3M', 'HAMMER PISTON', 10, 0, 0, '', 0, '', 0),
(1, 50465235, '1607000C3M', 'HAMMER PISTON', 0, 0, 0, '', 0, '', 0),
(1, 50465235, '1607000C3P', 'CONNECTING ROD', 5, 0, 0, '', 0, '', 0),
(1, 50465235, '1607000C5K', 'Motor Spare Parts Set', 5, 0, 0, '', 0, '', 0),
(1, 50465235, '1607000CZ1', 'Carbon Brush Set GSR 180LI', 100, 0, 0, '', 0, '', 0),
(1, 50465235, '1607000D0D', 'Printed Circuit Board', 5, 0, 0, '', 0, '', 0),
(1, 50465235, '1607000D1V', 'Motor', 15, 0, 0, '', 0, '', 0),
(1, 50465235, '1607014145', '\"CARBON-BRUSH SET-4\"\" AG\"', 500, 0, 0, '', 0, '', 0),
(1, 50465235, '160701417J', 'Carbon-Brush Set', 20, 0, 0, '', 0, '', 0),
(1, 50465235, '160701418R', 'Carbon-Brush Set', 50, 0, 0, '', 0, '', 0),
(1, 50465235, '1607200150', 'Switch', 1, 0, 0, '', 0, '', 0),
(1, 50465235, '1607200179', 'ON-OFF SWITCH', 25, 0, 0, '', 0, '', 0),
(1, 50465235, '1607200270', 'Switch', 5, 0, 0, '', 0, '', 0),
(1, 50465235, '160720031V', 'Switch', 20, 0, 0, '', 0, '', 0),
(1, 50465235, '160720031Y', 'Switch', 20, 0, 0, '', 0, '', 0),
(1, 50465235, '1607200326', 'Switch', 20, 0, 0, '', 0, '', 0),
(1, 50465235, '160720035P', 'Switch', 5, 0, 0, '', 0, '', 0),
(1, 50465235, '1607200372', 'Switch', 5, 0, 0, '', 0, '', 0),
(1, 50465235, '1607233196', 'Speed governor', 2, 0, 0, '', 0, '', 0),
(1, 50465235, '1607233291', 'Speed governor', 2, 0, 0, '', 0, '', 0),
(1, 50465235, '160723358M', 'Speed governor', 5, 0, 0, '', 0, '', 0),
(1, 50465235, '16072335CV', 'Speed governor', 20, 0, 0, '', 0, '', 0),
(1, 50465235, '1607328059', 'Suppression Filter', 5, 0, 0, '', 0, '', 0),
(1, 50465235, '1609201215', 'TOOTHED BELT', 3, 0, 0, '', 0, '', 0),
(1, 50465235, '1609B04462', 'Mitre Fence', 1, 0, 0, '', 0, '', 0),
(1, 50465235, '1610021006', 'Shift Plate', 10, 0, 0, '', 0, '', 0),
(1, 50465235, '1610102029', 'SUPPORTING DISC', 5, 0, 0, '', 0, '', 0),
(1, 50465235, '1610119010', 'Spring Retaining ring GSH 11 E', 5, 0, 0, '', 0, '', 0),
(1, 50465235, '1610210070', 'O-RING', 5, 0, 0, '', 0, '', 0),
(1, 50465235, '1610210091', 'O-RING', 5, 0, 0, '', 0, '', 0),
(1, 50465235, '1610210122', 'O-RING', 20, 0, 0, '', 0, '', 0),
(1, 50465235, '1610210144', 'O-RING (22,0x3,0 MM)', 10, 0, 0, '', 0, '', 0),
(1, 50465235, '1610210199', 'O-RING', 2, 0, 0, '', 0, '', 0),
(1, 50465235, '1610290028', 'ROTARY SHAFT LIP SEAL', 10, 0, 0, '', 0, '', 0),
(1, 50465235, '1610290065', 'SEALING RING', 5, 0, 0, '', 0, '', 0),
(1, 50465235, '1610290066', 'ROTARY SHAFT LIP SEAL', 3, 0, 0, '', 0, '', 0),
(1, 50465235, '1610290076', 'Indexing Disk', 5, 0, 0, '', 0, '', 0),
(1, 50465235, '1610290112', 'Rotary shaft lip sea', 3, 0, 0, '', 0, '', 0),
(1, 50465235, '1610300063', 'Bushing', 2, 0, 0, '', 0, '', 0),
(1, 50465235, '1610300064', 'GEAR SLEEVE', 1, 0, 0, '', 0, '', 0),
(1, 50465235, '1610314004', 'SEALING SLEEVE', 1, 0, 0, '', 0, '', 0),
(1, 50465235, '1610314006', 'SEALING SLEEVE', 2, 0, 0, '', 0, '', 0),
(1, 50465235, '1610499023', 'PROTECTION SLEEVE', 10, 0, 0, '', 0, '', 0),
(1, 50465235, '1610500023', 'Retaining snap ring', 2, 0, 0, '', 0, '', 0),
(1, 50465235, '1610508052', 'PROTECTIVE CAP', 10, 0, 0, '', 0, '', 0),
(1, 50465235, '1610521011', 'STOP SLEEVE', 3, 0, 0, '', 0, '', 0),
(1, 50465235, '1610591014', 'PROTECTION SLEEVE', 3, 0, 0, '', 0, '', 0),
(1, 50465235, '1610591051', 'PROTECTION SLEEVE', 2, 0, 0, '', 0, '', 0),
(1, 50465235, '1611006008', 'Holding Plate GSH 16-30', 2, 0, 0, '', 0, '', 0),
(1, 50465235, '1611016003', 'HOLDING PLATE', 30, 0, 0, '', 0, '', 0),
(1, 50465235, '1611329024', 'SWITCH CONTACT', 50, 0, 0, '', 0, '', 0),
(1, 50465235, '1612001033', 'CONNECTING ROD', 5, 0, 0, '', 0, '', 0),
(1, 50465235, '1612001034', 'CONNECTING ROD', 1, 0, 0, '', 0, '', 0),
(1, 50465235, '1612025055', 'AUXILIARY HANDLE', 1, 0, 0, '', 0, '', 0),
(1, 50465235, '1612026048', 'Shift Plate', 20, 0, 0, '', 0, '', 0),
(1, 50465235, '1612026049', 'CONTROL LEVER', 20, 0, 0, '', 0, '', 0),
(1, 50465235, '1612210118', 'ECCENTRIC', 1, 0, 0, '', 0, '', 0),
(1, 50465235, '1613103004', 'Locking Bolt', 1, 0, 0, '', 0, '', 0),
(1, 50465235, '1613124081', 'STRIKER PIN', 6, 0, 0, '', 0, '', 0),
(1, 50465235, '1613200020', 'Cylindrical Roller', 6, 0, 0, '', 0, '', 0),
(1, 50465235, '1613300007', 'HEX NUT', 2, 0, 0, '', 0, '', 0),
(1, 50465235, '1613349020', 'HEXAGON NUT-GSH 16-30', 2, 0, 0, '', 0, '', 0),
(1, 50465235, '1613435016', 'Torx Oval-Head Screw', 10, 0, 0, '', 0, '', 0),
(1, 50465235, '1613435037', 'Thread-forming tap. Screw', 10, 0, 0, '', 0, '', 0),
(1, 50465235, '1614010262', 'Armature', 1, 0, 0, '', 0, '', 0),
(1, 50465235, '1614010705', 'Armature With Fan', 1, 0, 0, '', 0, '', 0),
(1, 50465235, '1614010709', 'Armature', 20, 0, 0, '', 0, '', 0),
(1, 50465235, '1614010711', 'Armature', 20, 0, 0, '', 0, '', 0),
(1, 50465235, '1614011117', 'Armature', 5, 0, 0, '', 0, '', 0),
(1, 50465235, '1614220208', 'FIELD', 2, 0, 0, '', 0, '', 0),
(1, 50465235, '1614336086', 'BRUSH PLATE', 2, 0, 0, '', 0, '', 0),
(1, 50465235, '1614449014', 'CONNECTING CABLE', 5, 0, 0, '', 0, '', 0),
(1, 50465235, '1614449015', 'CONNECTING CABLE', 5, 0, 0, '', 0, '', 0),
(1, 50465235, '1614449021', 'CONNECTING CABLE', 5, 0, 0, '', 0, '', 0),
(1, 50465235, '1614465011', 'SUPPRESSOR BOX', 10, 0, 0, '', 0, '', 0),
(1, 50465235, '1614601060', 'SNAP RING', 2, 0, 0, '', 0, '', 0),
(1, 50465235, '1614611023', 'COMPRESSION SPRING', 2, 0, 0, '', 0, '', 0),
(1, 50465235, '1614621010', 'COMPRESSION SPRING', 2, 0, 0, '', 0, '', 0),
(1, 50465235, '1615108091', 'Motor Housing', 1, 0, 0, '', 0, '', 0),
(1, 50465235, '1615108150', 'Motor Housing', 1, 0, 0, '', 0, '', 0),
(1, 50465235, '1615806187', 'BEARING BRACKET', 5, 0, 0, '', 0, '', 0),
(1, 50465235, '1615808106', 'Bearing Holder', 1, 0, 0, '', 0, '', 0),
(1, 50465235, '1616317061', 'ECCENTRIC COG WHEEL', 1, 0, 0, '', 0, '', 0),
(1, 50465235, '1616325002', 'SWITCHING PANEL', 1, 0, 0, '', 0, '', 0),
(1, 50465235, '1616333038', 'CROWN GEAR', 1, 0, 0, '', 0, '', 0),
(1, 50465235, '1616490060', 'RATCHET SLEEVE', 1, 0, 0, '', 0, '', 0),
(1, 50465235, '1616B00086', 'O-RING', 20, 0, 0, '', 0, '', 0),
(1, 50465235, '1616B10269', 'FIELD', 5, 0, 0, '', 0, '', 0),
(1, 50465235, '1616B10337', 'SWITCH CONTACT', 10, 0, 0, '', 0, '', 0),
(1, 50465235, '1617000224', 'Wear and Tear Part Set', 1, 0, 0, '', 0, '', 0),
(1, 50465235, '1617000327', 'QUICK-CHANGE COLLET CHUCK', 1, 0, 0, '', 0, '', 0),
(1, 50465235, '1617000406', 'ROLLER SET', 6, 0, 0, '', 0, '', 0),
(1, 50465235, '1617000524', 'Armature With Fan', 2, 0, 0, '', 0, '', 0),
(1, 50465235, '1617000534', 'HAMMER PISTON', 2, 0, 0, '', 0, '', 0),
(1, 50465235, '1617000536', 'Motor Housing', 1, 0, 0, '', 0, '', 0),
(1, 50465235, '1617000557', 'HAMMER PISTON', 10, 0, 0, '', 0, '', 0),
(1, 50465235, '1617000579', 'TOOTHED SHAFT', 20, 0, 0, '', 0, '', 0),
(1, 50465235, '1617000598', 'TOOL HOLDING FIXTURE', 20, 0, 0, '', 0, '', 0),
(1, 50465232, '1617000693', 'TOOL HOLDING FIXTURE', 3, 0, 0, '', 0, '', 0),
(1, 50465235, '16170006A5', 'HAMMER PISTON', 3, 0, 0, '', 0, '', 0),
(1, 50465235, '16170006BS', 'Motor Housing', 1, 0, 0, '', 0, '', 0),
(1, 50465235, '16170006D3', 'PROTECTION SLEEVE', 20, 0, 0, '', 0, '', 0),
(1, 50465235, '1617014144', 'CARBON-BRUSH SET GBH 5-40 DCE', 20, 0, 0, '', 0, '', 0),
(1, 50465235, '1617200077', 'Switch', 1, 0, 0, '', 0, '', 0),
(1, 50465235, '1617200515', 'Switch', 5, 0, 0, '', 0, '', 0),
(1, 50465235, '1617200542', 'Switch', 5, 0, 0, '', 0, '', 0),
(1, 50465235, '1617328025', 'Suppression Filter', 5, 0, 0, '', 0, '', 0),
(1, 50465235, '1617328032', 'SUPPRESSOR BOX', 20, 0, 0, '', 0, '', 0),
(1, 50465235, '1618598175', 'QUICK-CHANGE COLLET CHUCK', 1, 0, 0, '', 0, '', 0),
(1, 50465235, '1618700064', 'HAMMER PISTON', 10, 0, 0, '', 0, '', 0),
(1, 50465235, '1618700075', 'HAMMER PISTON', 2, 0, 0, '', 0, '', 0),
(1, 50465235, '1618700083', 'HAMMER PISTON', 5, 0, 0, '', 0, '', 0),
(1, 50465235, '1619P00349', 'Armature set', 15, 0, 0, '', 0, '', 0),
(1, 50465235, '1619P00443', 'LOCKING WASHER', 10, 0, 0, '', 0, '', 0),
(1, 50465235, '1619P00446', 'Shim', 10, 0, 0, '', 0, '', 0),
(1, 50465235, '1619P00455', 'DEEP-GROOVE BALL BEARING', 100, 0, 0, '', 0, '', 0),
(1, 50465235, '1619P00456', 'BALL BEARING', 100, 0, 0, '', 0, '', 0),
(1, 50465235, '1619P01632', 'Extension Spring', 2, 0, 0, '', 0, '', 0),
(1, 50465235, '1619P01769', 'HOUSING SET', 2, 0, 0, '', 0, '', 0),
(1, 50465235, '1619P01771', 'Armature', 5, 0, 0, '', 0, '', 0),
(1, 50465235, '1619P01773', 'HAMMER PIPE', 5, 0, 0, '', 0, '', 0),
(1, 50465235, '1619P01776', 'CONNECTING CABLE', 5, 0, 0, '', 0, '', 0),
(1, 50465235, '1619P01814', 'Gear Housing GREEN', 5, 0, 0, '', 0, '', 0),
(1, 50465235, '1619P01844', 'Armature', 100, 0, 0, '', 0, '', 0),
(1, 50465235, '1619P02428', 'FIELD', 10, 0, 0, '', 0, '', 0),
(1, 50465235, '1619P02581', 'ECCENTRIC COG WHEEL', 10, 0, 0, '', 0, '', 0),
(1, 50465235, '1619P02708', 'BEARING FLANGE', 30, 0, 0, '', 0, '', 0),
(1, 50465235, '1619P02762', 'SWITCH BUTTON', 30, 0, 0, '', 0, '', 0),
(1, 50465235, '1619P02811', 'ADJUSTING SLIDE', 10, 0, 0, '', 0, '', 0),
(1, 50465235, '1619P02819', 'AIR DISTRIBUTOR', 5, 0, 0, '', 0, '', 0),
(1, 50465235, '1619P02843', 'COVER', 2, 0, 0, '', 0, '', 0),
(1, 50465235, '1619P03482', 'BOLT', 5, 0, 0, '', 0, '', 0),
(1, 50465235, '1619P03748', 'Locking Pin', 1, 0, 0, '', 0, '', 0),
(1, 50465235, '1619P03752', 'SPRING PIN', 1, 0, 0, '', 0, '', 0),
(1, 50465235, '1619P03825', 'Screw and washer assembly', 2, 0, 0, '', 0, '', 0),
(1, 50465235, '1619P06211', 'Round-Head Bolt', 2, 0, 0, '', 0, '', 0),
(1, 50465235, '1619P06334', 'Extension Spring', 1, 0, 0, '', 0, '', 0),
(1, 50465235, '1619P06345', 'Armature set', 5, 0, 0, '', 0, '', 0),
(1, 50465235, '1619P06451', 'Clamping Saddle', 10, 0, 0, '', 0, '', 0),
(1, 50465235, '1619P07647', 'Suppression Filter', 5, 0, 0, '', 0, '', 0),
(1, 50465235, '1619P08759', 'COMPRESSION SPRING', 4, 0, 0, '', 0, '', 0),
(1, 50465235, '1619P08772', 'Striker', 2, 0, 0, '', 0, '', 0),
(1, 50465235, '1619P09115', 'Armature With Fan', 2, 0, 0, '', 0, '', 0),
(1, 50465235, '1619P09620', 'GEAR HOUSING', 1, 0, 0, '', 0, '', 0),
(1, 50465235, '1619P09707', 'STRIKER PIN', 2, 0, 0, '', 0, '', 0),
(1, 50465235, '1619P09971', 'Switch', 4, 0, 0, '', 0, '', 0),
(1, 50465235, '1619P10062', 'Armature set', 5, 0, 0, '', 0, '', 0),
(1, 50465235, '1619P10769', 'Armature', 4, 0, 0, '', 0, '', 0),
(1, 50465235, '1619P10838', 'SWITCH BUTTON', 20, 0, 0, '', 0, '', 0),
(1, 50465235, '1619P10952', 'Armature', 75, 0, 0, '', 0, '', 0),
(1, 50465235, '1619P10953', 'FIELD', 50, 0, 0, '', 0, '', 0),
(1, 50465235, '1619P10958', 'Motor Housing', 5, 0, 0, '', 0, '', 0),
(1, 50465235, '1619P10959', 'Motor Housing', 5, 0, 0, '', 0, '', 0),
(1, 50465235, '1619P10968', 'Adjusting Slide-GWS 750', 20, 0, 0, '', 0, '', 0),
(1, 50465235, '1619P10969', 'Switch Button-GWS 750', 25, 0, 0, '', 0, '', 0),
(1, 50465235, '1619P11715', 'Carbon-Brush Set', 400, 0, 0, '', 0, '', 0),
(1, 50465235, '1619P11998', 'FIELD', 5, 0, 0, '', 0, '', 0),
(1, 50465235, '1619P12022', 'Bevel Gear Set', 1, 0, 0, '', 0, '', 0),
(1, 50465235, '1619P12188', 'Push Button', 15, 0, 0, '', 0, '', 0),
(1, 50465235, '1619P12188', 'Push Button', 0, 0, 0, '', 0, '', 0),
(1, 50465235, '1619P12192', 'Air-Deflector Ring', 2, 0, 0, '', 0, '', 0),
(1, 50465235, '1619P12589', 'LIFTING ROD', 2, 0, 0, '', 0, '', 0),
(1, 50465235, '1619P12765', 'LIFTING ROD', 10, 0, 0, '', 0, '', 0),
(1, 50465235, '1619P13450', 'Armature', 5, 0, 0, '', 0, '', 0),
(1, 50465235, '1619P13451', 'Intermediate Flange', 2, 0, 0, '', 0, '', 0),
(1, 50465235, '1619P13456', 'TOOTHED SHAFT', 5, 0, 0, '', 0, '', 0),
(1, 50465235, '1619P13461', 'SUPPORTING DISC', 5, 0, 0, '', 0, '', 0),
(1, 50465235, '1619P13541', 'SWITCH BUTTON', 20, 0, 0, '', 0, '', 0),
(1, 50465235, '1619P13558', 'Housing Cover', 1, 0, 0, '', 0, '', 0),
(1, 50465235, '1619P14031', 'Dust Cap-GSH 500', 2, 0, 0, '', 0, '', 0),
(1, 50465235, '1619P14877', 'FIELD', 2, 0, 0, '', 0, '', 0),
(1, 50465235, '1619P15000', 'FIELD', 10, 0, 0, '', 0, '', 0),
(1, 50465235, '1619P15334', 'Motor Housing', 1, 0, 0, '', 0, '', 0),
(1, 50465235, '1619P15405', 'Bevel Gear Set', 1, 0, 0, '', 0, '', 0),
(1, 50465235, '1619P15749', 'Armature', 10, 0, 0, '', 0, '', 0),
(1, 50465235, '1619P16276', 'Armature', 5, 0, 0, '', 0, '', 0),
(1, 50465235, '1619P16280', 'HAMMER PIPE', 2, 0, 0, '', 0, '', 0),
(1, 50465235, '1619P16327', 'CONNECTING CABLE', 5, 0, 0, '', 0, '', 0),
(1, 50465235, '1619P20540', 'HAMMER PISTON', 5, 0, 0, '', 0, '', 0),
(1, 50465235, '1619PA0678', 'FIELD', 2, 0, 0, '', 0, '', 0),
(1, 50465235, '1619PA0701', 'CHANGE-OVER SWITCH', 2, 0, 0, '', 0, '', 0),
(1, 50465235, '1619PA3304', 'Chuck', 10, 0, 0, '', 0, '', 0),
(1, 50465235, '1619PA4613', 'BEARING BRACKET', 4, 0, 0, '', 0, '', 0),
(1, 50465235, '1619PA6703', 'Switch', 4, 0, 0, '', 0, '', 0),
(1, 50465235, '1619PA6835', 'FIELD', 10, 0, 0, '', 0, '', 0),
(1, 50465235, '1619PA6948', 'Torsion Spring', 2, 0, 0, '', 0, '', 0),
(1, 50465235, '1619PA6952', 'Special Screw', 2, 0, 0, '', 0, '', 0),
(1, 50465235, '1619PA6953', 'Bushing', 2, 0, 0, '', 0, '', 0),
(1, 50465235, '1619PA6957', 'Pan head screw', 2, 0, 0, '', 0, '', 0),
(1, 50465235, '1619PA6958', 'Special Screw', 2, 0, 0, '', 0, '', 0),
(1, 50465235, '1619PA6976', 'Bearing cover', 2, 0, 0, '', 0, '', 0),
(1, 50465235, '1619PA6983', 'Dust Separator', 1, 0, 0, '', 0, '', 0),
(1, 50465235, '1619PA6994', 'Pan head screw', 2, 0, 0, '', 0, '', 0),
(1, 50465235, '1619PA6996', 'shaft lock', 2, 0, 0, '', 0, '', 0),
(1, 50465235, '1619PA7004', 'COMPRESSION SPRING', 2, 0, 0, '', 0, '', 0),
(1, 50465235, '1619PA7005', 'Torsion Spring', 2, 0, 0, '', 0, '', 0),
(1, 50465235, '1619PA7006', 'Locking Lever', 2, 0, 0, '', 0, '', 0),
(1, 50465235, '1619PA7007', 'Special Screw', 2, 0, 0, '', 0, '', 0),
(1, 50465235, '1619PA7022', 'Parallel Key', 2, 0, 0, '', 0, '', 0),
(1, 50465235, '1619PA7023', 'Clamping Flange', 2, 0, 0, '', 0, '', 0),
(1, 50465235, '1619PA7029', 'Plain Washer', 2, 0, 0, '', 0, '', 0),
(1, 50465235, '1619PA7032', 'Spindle', 2, 0, 0, '', 0, '', 0),
(1, 50465235, '1619PA7056', 'Armature', 10, 0, 0, '', 0, '', 0),
(1, 50465235, '1619PA7058', 'Special Screw', 2, 0, 0, '', 0, '', 0),
(1, 50465235, '1619PA7310', 'Motor GAS 15', 1, 0, 0, '', 0, '', 0),
(1, 50465235, '1619PA7325', 'Suction Pipe', 1, 0, 0, '', 0, '', 0),
(1, 50465235, '1619PA7327', 'floor nozzle', 1, 0, 0, '', 0, '', 0),
(1, 50465235, '1619PA7329', 'DustBag', 1, 0, 0, '', 0, '', 0),
(1, 50465235, '1619PA7629', 'Armature', 1, 0, 0, '', 0, '', 0),
(1, 50465235, '1619PA7635', 'Carbon-Brush Set', 10, 0, 0, '', 0, '', 0),
(1, 50465235, '1619PA8370', 'Filterbag', 1, 0, 0, '', 0, '', 0),
(1, 50465235, '1619PB2368', 'Motor Housing', 2, 0, 0, '', 0, '', 0),
(1, 50465235, '1619PB2788', 'Motor', 10, 0, 0, '', 0, '', 0),
(1, 50465235, '1619PB3050', 'groove ball bearing', 5, 0, 0, '', 0, '', 0),
(1, 50465235, '1619PB3053', 'Bearing Sleeve', 5, 0, 0, '', 0, '', 0),
(1, 50465235, '1619PB4036', 'Gear-GKS 140', 5, 0, 0, '', 0, '', 0),
(1, 50465235, '1619PB4412', 'Armature', 15, 0, 0, '', 0, '', 0),
(1, 50465235, '1619PB4412', 'Armature', 0, 0, 0, '', 0, '', 0),
(1, 50465235, '1619PB4413', 'FIELD', 10, 0, 0, '', 0, '', 0),
(1, 50465235, '1619PB4414', 'Switch', 5, 0, 0, '', 0, '', 0),
(1, 50465235, '1619PB4749', 'CARBON BRUSH', 50, 0, 0, '', 0, '', 0),
(1, 50465235, '1619X01792', 'COMPRESSION SPRING', 2, 0, 0, '', 0, '', 0),
(1, 50465235, '1903230010', 'BALL', 5, 0, 0, '', 0, '', 0),
(1, 50465235, '2600100041', 'Plain Washer', 5, 0, 0, '', 0, '', 0),
(1, 50465235, '2600100569', 'Shim', 10, 0, 0, '', 0, '', 0),
(1, 50465235, '2600100577', 'Shim', 10, 0, 0, '', 0, '', 0),
(1, 50465235, '2600100586', 'Shim', 3, 0, 0, '', 0, '', 0),
(1, 50465235, '2600100611', 'Shim', 5, 0, 0, '', 0, '', 0),
(1, 50465235, '2600101612', 'Shim', 10, 0, 0, '', 0, '', 0),
(1, 50465235, '2600101617', 'Shim', 5, 0, 0, '', 0, '', 0),
(1, 50465235, '2600108026', 'Felt Washer', 3, 0, 0, '', 0, '', 0),
(1, 50465235, '2600150003', 'SPRING WASHER', 3, 0, 0, '', 0, '', 0),
(1, 50465235, '2600300005', 'ROLLER', 5, 0, 0, '', 0, '', 0),
(1, 50465235, '2600421001', 'GUIDE SLEEVE', 5, 0, 0, '', 0, '', 0),
(1, 50465235, '2600500017', 'CUPPED WASHER', 5, 0, 0, '', 0, '', 0),
(1, 50465235, '2600905039', 'groove ball bearing', 2, 0, 0, '', 0, '', 0),
(1, 50465235, '2601015050', 'SEAL', 5, 0, 0, '', 0, '', 0),
(1, 50465235, '2601015901', 'Sealing Plate', 5, 0, 0, '', 0, '', 0),
(1, 50465235, '2601072901', 'ECCENTRIC DISC', 5, 0, 0, '', 0, '', 0),
(1, 50465235, '2601098003', 'COUNTERWEIGHT', 5, 0, 0, '', 0, '', 0),
(1, 50465235, '2601320018', 'RETAINING BRACKET', 5, 0, 0, '', 0, '', 0),
(1, 50465235, '2601321908', 'ROLLER LEVER', 2, 0, 0, '', 0, '', 0),
(1, 50465235, '2601328002', 'COVER DISC', 5, 0, 0, '', 0, '', 0),
(1, 50465235, '2601923004', 'FORK LEVER', 10, 0, 0, '', 0, '', 0),
(1, 50465235, '2602026908', 'CAP-HANDLE', 2, 0, 0, '', 0, '', 0),
(1, 50465235, '2602305014', 'LIFTING ROD', 1, 0, 0, '', 0, '', 0),
(1, 50465235, '2602305016', 'LIFTING ROD', 1, 0, 0, '', 0, '', 0),
(1, 50465235, '2602305042', 'AIR ELIMINATOR', 5, 0, 0, '', 0, '', 0),
(1, 50465235, '2603320001', 'SQUARE NUT', 10, 0, 0, '', 0, '', 0),
(1, 50465235, '2603341007', 'ROUND NUT', 2, 0, 0, '', 0, '', 0),
(1, 50465235, '2603410049', 'Thread-forming tap. Screw', 5, 0, 0, '', 0, '', 0),
(1, 50465235, '2603421040', 'COUNTERSUNK-HEAD SCREW', 5, 0, 0, '', 0, '', 0),
(1, 50465235, '2603435015', 'RECESSED-HEAD SCREW', 5, 0, 0, '', 0, '', 0),
(1, 50465235, '2603502015', 'Stud', 2, 0, 0, '', 0, '', 0),
(1, 50465235, '2604010578', 'Armature', 4, 0, 0, '', 0, '', 0),
(1, 50465235, '2604011028', 'Armature 220-240V (GEX 150 AC)', 5, 0, 0, '', 0, '', 0),
(1, 50465235, '2604011110', 'Armature', 2, 0, 0, '', 0, '', 0),
(1, 50465235, '2604011394', 'Armature', 3, 0, 0, '', 0, '', 0),
(1, 50465235, '2604220502', 'FIELD', 3, 0, 0, '', 0, '', 0),
(1, 50465235, '2604220529', 'FIELD', 3, 0, 0, '', 0, '', 0),
(1, 50465235, '2604220718', 'FIELD', 25, 0, 0, '', 0, '', 0),
(1, 50465235, '2604320912', 'Carbon-Brush Set', 30, 0, 0, '', 0, '', 0),
(1, 50465235, '2604321904', 'Carbon-Brush Set', 10, 0, 0, '', 0, '', 0),
(1, 50465235, '2604610140', 'COMPRESSION SPRING', 2, 0, 0, '', 0, '', 0),
(1, 50465235, '2604617004', 'COMPRESSION SPRING', 2, 0, 0, '', 0, '', 0),
(1, 50465235, '2604690056', 'Torsion Spring', 2, 0, 0, '', 0, '', 0),
(1, 50465235, '2604736001', 'TOOTHED BELT', 2, 0, 0, '', 0, '', 0),
(1, 50465235, '2604736002', 'TOOTHED BELT', 2, 0, 0, '', 0, '', 0),
(1, 50465235, '2604736004', 'TOOTHED BELT', 2, 0, 0, '', 0, '', 0),
(1, 50465235, '2605104410', 'Housing Section', 1, 0, 0, '', 0, '', 0),
(1, 50465235, '2605105105', 'Housing Section', 3, 0, 0, '', 0, '', 0),
(1, 50465235, '2605500056', 'Gear Cover', 1, 0, 0, '', 0, '', 0),
(1, 50465235, '2605500905', 'Gear Cover', 1, 0, 0, '', 0, '', 0),
(1, 50465235, '2605806082', 'GEAR HOUSING', 1, 0, 0, '', 0, '', 0),
(1, 50465235, '2606317086', 'Cylindrical Gear', 2, 0, 0, '', 0, '', 0),
(1, 50465235, '2606317098', 'Cylindrical Gear', 2, 0, 0, '', 0, '', 0),
(1, 50465235, '2606491011', 'RATCHET', 5, 0, 0, '', 0, '', 0),
(1, 50465235, '2606491014', 'COUPLING HALF', 5, 0, 0, '', 0, '', 0),
(1, 50465235, '2606491917', 'Modification Set 100-240V', 2, 0, 0, '', 0, '', 0),
(1, 50465235, '2607001130', 'NEEDLE-ROLLER CAGE', 10, 0, 0, '', 0, '', 0),
(1, 50465235, '2607200463', 'ON-OFF SWITCH', 1, 0, 0, '', 0, '', 0),
(1, 50465235, '2607200664', 'Switch', 2, 0, 0, '', 0, '', 0),
(1, 50465235, '2607202071', 'ON-OFF SWITCH', 1, 0, 0, '', 0, '', 0),
(1, 50465235, '2607202329', 'Electronics Module', 1, 0, 0, '', 0, '', 0),
(1, 50465235, '2607230119', 'Speed governor', 5, 0, 0, '', 0, '', 0),
(1, 50465235, '2607329129', 'Suppression Filter', 5, 0, 0, '', 0, '', 0),
(1, 50465235, '2609005840', 'Armature assembly', 1, 0, 0, '', 0, '', 0),
(1, 50465235, '2609100203', 'Brush-Cover', 2, 0, 0, '', 0, '', 0),
(1, 50465235, '2609100395', 'Housing', 1, 0, 0, '', 0, '', 0),
(1, 50465235, '2609100403', 'FOAM PANEL', 2, 0, 0, '', 0, '', 0),
(1, 50465235, '2609100539', 'Housing', 1, 0, 0, '', 0, '', 0),
(1, 50465235, '2609100580', 'LEVER', 5, 0, 0, '', 0, '', 0),
(1, 50465235, '2609110149', 'BEVEL GEAR', 50, 0, 0, '', 0, '', 0),
(1, 50465235, '2609110150', 'CROWN GEAR', 50, 0, 0, '', 0, '', 0),
(1, 50465235, '2609111930', 'Chuck', 20, 0, 0, '', 0, '', 0),
(1, 50465235, '2609120168', 'Armature', 2, 0, 0, '', 0, '', 0),
(1, 50465235, '2609120169', 'Stator', 1, 0, 0, '', 0, '', 0),
(1, 50465235, '2609120317', 'BRUSH PLATE', 10, 0, 0, '', 0, '', 0),
(1, 50465235, '2609160123', 'DRILLING SPINDLE GSB 13 RE', 3, 0, 0, '', 0, '', 0),
(1, 50465235, '2609160127', 'CHANGE-OVER SWITCH', 4, 0, 0, '', 0, '', 0),
(1, 50465235, '2609199169', 'Carbon-Brush Set', 10, 0, 0, '', 0, '', 0),
(1, 50465235, '2609199258', 'DC MOTOR', 1, 0, 0, '', 0, '', 0),
(1, 50465235, '2609199667', 'Armature set', 1, 0, 0, '', 0, '', 0),
(1, 50465235, '2610035221', 'Housing', 1, 0, 0, '', 0, '', 0),
(1, 50465235, '2910021118', 'SOCKET HEAD SCREW', 4, 0, 0, '', 0, '', 0),
(1, 50465235, '2910141197', 'HEX SOCKET HEAD CAP SCREW', 10, 0, 0, '', 0, '', 0),
(1, 50465235, '2910211283', 'SELF-TAPPING SCREW', 4, 0, 0, '', 0, '', 0),
(1, 50465235, '2914201483', 'Torx Oval-Head Screw', 10, 0, 0, '', 0, '', 0),
(1, 50465235, '2914201508', 'Torx Oval-Head Screw', 4, 0, 0, '', 0, '', 0),
(1, 50465235, '2916690002', 'SPRING LOCK WASHER', 2, 0, 0, '', 0, '', 0),
(1, 50465235, '2916690003', 'SPRING LOCK WASHER', 2, 0, 0, '', 0, '', 0),
(1, 50465235, '3603345016', 'ROUND NUT', 3, 0, 0, '', 0, '', 0),
(1, 50465235, '3604010091', 'Armature 230V GBM 32-4', 10, 0, 0, '', 0, '', 0),
(1, 50465235, '3607014012', 'Carbon-Brush Set', 5, 0, 0, '', 0, '', 0),
(1, 50465235, '3607031913', 'drive electronics        30-300', 2, 0, 0, '', 0, '', 0),
(1, 50465235, '3607031917', 'drive electronics        50-210', 2, 0, 0, '', 0, '', 0),
(1, 50465235, '3609202921', 'Retaining ring', 2, 0, 0, '', 0, '', 0),
(1, 50465235, '3613344500', 'OIL RETURN RING', 2, 0, 0, '', 0, '', 0),
(1, 50465235, '9618088985', 'Carbon-Brush Set', 5, 0, 0, '', 0, '', 0),
(1, 50465235, 'F016F04329', 'Pump head', 1, 0, 0, '', 0, '', 0),
(1, 50465235, 'F016F04440', 'Pump unit', 10, 0, 0, '', 0, '', 0),
(1, 50465235, 'F016F04796', 'Trigger', 10, 0, 0, '', 0, '', 0),
(1, 50465235, 'F016F04801', 'Pump head', 3, 0, 0, '', 0, '', 0),
(1, 50465235, 'F016F05013', 'High-Pressure Hose', 10, 0, 0, '', 0, '', 0),
(1, 50465235, 'F016F05052', 'Water filter', 30, 0, 0, '', 0, '', 0),
(1, 50465235, 'F016F05053', '3-in-1-nozzle', 2, 0, 0, '', 0, '', 0),
(1, 50465235, 'F016F05054', 'Fixed fan jet nozzle', 2, 0, 0, '', 0, '', 0),
(1, 50465235, 'F016F05280', 'Trigger Handle', 15, 0, 0, '', 0, '', 0),
(1, 50465235, 'F016F05281', 'Lance', 5, 0, 0, '', 0, '', 0),
(1, 50465235, 'F016F05362', 'Nozzle', 5, 0, 0, '', 0, '', 0),
(1, 50465235, 'F016L72014', 'O-RING', 1, 0, 0, '', 0, '', 0),
(1, 50465235, 'F016L72017', 'Spring', 1, 0, 0, '', 0, '', 0),
(1, 50465235, 'F016L72021', 'Valve', 1, 0, 0, '', 0, '', 0),
(1, 50465235, 'F016L72022', 'O-RING', 2, 0, 0, '', 0, '', 0),
(1, 50465235, 'F016L72028', 'Nipple', 2, 0, 0, '', 0, '', 0),
(1, 50465235, 'F016L72034', 'Spacer Ring', 1, 0, 0, '', 0, '', 0),
(1, 50465235, 'F016L72036', 'Piston Guide', 1, 0, 0, '', 0, '', 0),
(1, 50465235, 'F016L72072', 'Spring', 2, 0, 0, '', 0, '', 0),
(1, 50465235, 'F016L72073', 'BALL', 2, 0, 0, '', 0, '', 0),
(1, 50465235, 'F016L72074', 'O-RING', 2, 0, 0, '', 0, '', 0),
(1, 50465235, 'F016L72090', 'Condenser', 1, 0, 0, '', 0, '', 0),
(1, 50465235, 'F016L72201', 'Screw', 1, 0, 0, '', 0, '', 0),
(1, 50465235, 'F016L72245', 'Screw', 1, 0, 0, '', 0, '', 0),
(1, 50465235, 'F016L72256', 'Switch', 1, 0, 0, '', 0, '', 0),
(1, 50465235, 'F016L72259', 'Switch', 1, 0, 0, '', 0, '', 0),
(1, 0, '', '', 3, 0, 0, '', 0, '', 1),
(2, 50465235, '1600200029', 'Plain bearing', 3, 0, 0, '', 0, '', 0),
(2, 50465235, '1600A000VY', 'Air Hose', 1, 0, 0, '', 0, '', 0),
(2, 50465235, '1600A003G4', 'BRUSH HOLDER', 5, 2, 1, '234', 3, 'Order Completed', 1),
(2, 50465235, '1600A004BS', 'Electronic Assembly', 1, 0, 0, '', 0, '', 0),
(2, 50465235, '1600A008RV', 'Flange', 10, 0, 0, '', 0, '', 0),
(2, 50465235, '1600A00F8P', 'Gear Box', 2, 0, 0, '', 0, '', 0),
(2, 50465235, '1600A00FG7', 'Electronics Module', 1, 0, 0, '', 0, '', 0),
(2, 50465235, '1600A00HR1', 'Fast Charger 230V GSR 120 LI', 5, 0, 0, '', 0, '', 0),
(2, 50465235, '1600A00N61', 'Gear Box', 1, 0, 0, '', 0, '', 0),
(2, 50465235, '1600A011KB', 'BRUSH HOLDER', 10, 0, 0, '', 0, '', 0),
(2, 50465235, '1600A014FM', 'Shift-Lever Knob', 5, 0, 0, '', 0, '', 0),
(2, 50465235, '1600A014L1', 'Bracket', 30, 0, 0, '', 0, '', 0),
(2, 50465235, '1600A014L3', 'Baseplate', 35, 0, 0, '', 0, '', 0),
(2, 50465235, '1600A014L4', 'Pad', 10, 0, 0, '', 0, '', 0),
(2, 50465235, '1600A014UK', 'Nut', 10, 0, 0, '', 0, '', 0),
(2, 50465235, '160202508X', 'AUXILIARY HANDLE', 2, 0, 0, '', 0, '', 0),
(2, 50465235, '1602026057', 'SWITCH HANDLE', 20, 0, 0, '', 0, '', 0),
(2, 50465235, '1602026068', 'SWITCH HANDLE', 15, 0, 0, '', 0, '', 0),
(2, 50465235, '160343005U', 'CREW', 20, 0, 0, '', 0, '', 0),
(2, 50465235, '1603435078', 'Torx Oval-Head Screw', 10, 0, 0, '', 0, '', 0),
(2, 50465235, '1603523111', 'GRINDING SPINDLE', 5, 0, 0, '', 0, '', 0),
(2, 50465235, '1604010626', 'Armature', 50, 0, 0, '', 0, '', 0),
(2, 50465235, '1604010633', 'Armature With Fan', 1, 0, 0, '', 0, '', 0),
(2, 50465235, '1604010A22', 'Armature With Fan 220-240V GWS 14-125 CI', 3, 0, 0, '', 0, '', 0),
(2, 50465235, '1604010B6R', 'Armature', 3, 0, 0, '', 0, '', 0),
(2, 50465235, '1604010B9J', 'Armature-GKS 140', 25, 0, 0, '', 0, '', 0),
(2, 50465235, '1604010BC1', 'Armature', 1, 0, 0, '', 0, '', 0),
(2, 50465235, '1604010BK6', 'Armature', 10, 0, 0, '', 0, '', 0),
(2, 50465235, '1604011252', 'Armature', 5, 0, 0, '', 0, '', 0),
(2, 50465235, '1604220328', 'FIELD', 20, 0, 0, '', 0, '', 0),
(2, 50465235, '1604220380', 'FIELD', 5, 0, 0, '', 0, '', 0),
(2, 50465235, '1604220455', 'FIELD', 2, 0, 0, '', 0, '', 0),
(2, 50465235, '1604220457', 'FIELD', 10, 0, 0, '', 0, '', 0),
(2, 50465235, '1604220470', 'FIELD', 3, 0, 0, '', 0, '', 0),
(2, 50465235, '160422052J', 'FIELD', 3, 0, 0, '', 0, '', 0),
(2, 50465235, '1604336021', 'BRUSH HOLDER', 30, 0, 0, '', 0, '', 0),
(2, 50465235, '1604652006', 'Spiral Spring', 10, 0, 0, '', 0, '', 0),
(2, 50465235, '160465202M', 'Spiral Spring', 5, 0, 0, '', 0, '', 0),
(2, 50465235, '1605108190', 'Motor Housing', 1, 0, 0, '', 0, '', 0),
(2, 50465235, '1605500278', 'Housing Cover', 1, 0, 0, '', 0, '', 0),
(2, 50465235, '1605805090', 'Bearing Flange BLACK GWS 8-100 C', 3, 0, 0, '', 0, '', 0),
(2, 50465235, '1605806466', 'GEAR HOUSING', 5, 0, 0, '', 0, '', 0),
(2, 50465235, '16058065SB', 'GEAR HOUSING(GWS 14-125 CI)', 1, 0, 0, '', 0, '', 0),
(2, 50465235, '1607000298', 'PUSH-BUTTON', 10, 0, 0, '', 0, '', 0),
(2, 50465235, '1607000967', 'ON-OFF SWITCH', 1, 0, 0, '', 0, '', 0),
(2, 50465235, '1607000971', 'Switch', 1, 0, 0, '', 0, '', 0),
(2, 50465235, '1607000C3M', 'HAMMER PISTON', 10, 0, 0, '', 0, '', 0),
(2, 50465235, '1607000C3M', 'HAMMER PISTON', 0, 0, 0, '', 0, '', 0),
(2, 50465235, '1607000C3P', 'CONNECTING ROD', 5, 0, 0, '', 0, '', 0),
(2, 50465235, '1607000C5K', 'Motor Spare Parts Set', 5, 0, 0, '', 0, '', 0),
(2, 50465235, '1607000CZ1', 'Carbon Brush Set GSR 180LI', 100, 0, 0, '', 0, '', 0),
(2, 50465235, '1607000D0D', 'Printed Circuit Board', 5, 0, 0, '', 0, '', 0),
(2, 50465235, '1607000D1V', 'Motor', 15, 0, 0, '', 0, '', 0),
(2, 50465235, '1607014145', '\"CARBON-BRUSH SET-4\"\" AG\"', 500, 0, 0, '', 0, '', 0),
(2, 50465235, '160701417J', 'Carbon-Brush Set', 20, 0, 0, '', 0, '', 0),
(2, 50465235, '160701418R', 'Carbon-Brush Set', 50, 0, 0, '', 0, '', 0),
(2, 50465235, '1607200150', 'Switch', 1, 0, 0, '', 0, '', 0),
(2, 50465235, '1607200179', 'ON-OFF SWITCH', 25, 0, 0, '', 0, '', 0),
(2, 50465235, '1607200270', 'Switch', 5, 0, 0, '', 0, '', 0),
(2, 50465235, '160720031V', 'Switch', 20, 0, 0, '', 0, '', 0),
(2, 50465235, '160720031Y', 'Switch', 20, 0, 0, '', 0, '', 0),
(2, 50465235, '1607200326', 'Switch', 20, 0, 0, '', 0, '', 0),
(2, 50465235, '160720035P', 'Switch', 5, 0, 0, '', 0, '', 0),
(2, 50465235, '1607200372', 'Switch', 5, 0, 0, '', 0, '', 0),
(2, 50465235, '1607233196', 'Speed governor', 2, 0, 0, '', 0, '', 0),
(2, 50465235, '1607233291', 'Speed governor', 2, 0, 0, '', 0, '', 0),
(2, 50465235, '160723358M', 'Speed governor', 5, 0, 0, '', 0, '', 0),
(2, 50465235, '16072335CV', 'Speed governor', 20, 0, 0, '', 0, '', 0),
(2, 50465235, '1607328059', 'Suppression Filter', 5, 0, 0, '', 0, '', 0),
(2, 50465235, '1609201215', 'TOOTHED BELT', 3, 0, 0, '', 0, '', 0),
(2, 50465235, '1609B04462', 'Mitre Fence', 1, 0, 0, '', 0, '', 0),
(2, 50465235, '1610021006', 'Shift Plate', 10, 0, 0, '', 0, '', 0),
(2, 50465235, '1610102029', 'SUPPORTING DISC', 5, 0, 0, '', 0, '', 0),
(2, 50465235, '1610119010', 'Spring Retaining ring GSH 11 E', 5, 0, 0, '', 0, '', 0),
(2, 50465235, '1610210070', 'O-RING', 5, 0, 0, '', 0, '', 0),
(2, 50465235, '1610210091', 'O-RING', 5, 0, 0, '', 0, '', 0),
(2, 50465235, '1610210122', 'O-RING', 20, 0, 0, '', 0, '', 0),
(2, 50465235, '1610210144', 'O-RING (22,0x3,0 MM)', 10, 0, 0, '', 0, '', 0),
(2, 50465235, '1610210199', 'O-RING', 2, 0, 0, '', 0, '', 0),
(2, 50465235, '1610290028', 'ROTARY SHAFT LIP SEAL', 10, 0, 0, '', 0, '', 0),
(2, 50465235, '1610290065', 'SEALING RING', 5, 0, 0, '', 0, '', 0),
(2, 50465235, '1610290066', 'ROTARY SHAFT LIP SEAL', 3, 0, 0, '', 0, '', 0),
(2, 50465235, '1610290076', 'Indexing Disk', 5, 0, 0, '', 0, '', 0),
(2, 50465235, '1610290112', 'Rotary shaft lip sea', 3, 0, 0, '', 0, '', 0),
(2, 50465235, '1610300063', 'Bushing', 2, 0, 0, '', 0, '', 0),
(2, 50465235, '1610300064', 'GEAR SLEEVE', 1, 0, 0, '', 0, '', 0),
(2, 50465235, '1610314004', 'SEALING SLEEVE', 1, 0, 0, '', 0, '', 0),
(2, 50465235, '1610314006', 'SEALING SLEEVE', 2, 0, 0, '', 0, '', 0),
(2, 50465235, '1610499023', 'PROTECTION SLEEVE', 10, 0, 0, '', 0, '', 0),
(2, 50465235, '1610500023', 'Retaining snap ring', 2, 0, 0, '', 0, '', 0),
(2, 50465235, '1610508052', 'PROTECTIVE CAP', 10, 0, 0, '', 0, '', 0),
(2, 50465235, '1610521011', 'STOP SLEEVE', 3, 0, 0, '', 0, '', 0),
(2, 50465235, '1610591014', 'PROTECTION SLEEVE', 3, 0, 0, '', 0, '', 0),
(2, 50465235, '1610591051', 'PROTECTION SLEEVE', 2, 0, 0, '', 0, '', 0),
(2, 50465235, '1611006008', 'Holding Plate GSH 16-30', 2, 0, 0, '', 0, '', 0),
(2, 50465235, '1611016003', 'HOLDING PLATE', 30, 0, 0, '', 0, '', 0),
(2, 50465235, '1611329024', 'SWITCH CONTACT', 50, 0, 0, '', 0, '', 0),
(2, 50465235, '1612001033', 'CONNECTING ROD', 5, 0, 0, '', 0, '', 0),
(2, 50465235, '1612001034', 'CONNECTING ROD', 1, 0, 0, '', 0, '', 0),
(2, 50465235, '1612025055', 'AUXILIARY HANDLE', 1, 0, 0, '', 0, '', 0),
(2, 50465235, '1612026048', 'Shift Plate', 20, 0, 0, '', 0, '', 0),
(2, 50465235, '1612026049', 'CONTROL LEVER', 20, 0, 0, '', 0, '', 0),
(2, 50465235, '1612210118', 'ECCENTRIC', 1, 0, 0, '', 0, '', 0),
(2, 50465235, '1613103004', 'Locking Bolt', 1, 0, 0, '', 0, '', 0),
(2, 50465235, '1613124081', 'STRIKER PIN', 6, 0, 0, '', 0, '', 0),
(2, 50465235, '1613200020', 'Cylindrical Roller', 6, 0, 0, '', 0, '', 0),
(2, 50465235, '1613300007', 'HEX NUT', 2, 0, 0, '', 0, '', 0),
(2, 50465235, '1613349020', 'HEXAGON NUT-GSH 16-30', 2, 0, 0, '', 0, '', 0),
(2, 50465235, '1613435016', 'Torx Oval-Head Screw', 10, 0, 0, '', 0, '', 0),
(2, 50465235, '1613435037', 'Thread-forming tap. Screw', 10, 0, 0, '', 0, '', 0),
(2, 50465235, '1614010262', 'Armature', 1, 0, 0, '', 0, '', 0),
(2, 50465235, '1614010705', 'Armature With Fan', 1, 0, 0, '', 0, '', 0),
(2, 50465235, '1614010709', 'Armature', 20, 0, 0, '', 0, '', 0),
(2, 50465235, '1614010711', 'Armature', 20, 0, 0, '', 0, '', 0),
(2, 50465235, '1614011117', 'Armature', 5, 0, 0, '', 0, '', 0),
(2, 50465235, '1614220208', 'FIELD', 2, 0, 0, '', 0, '', 0),
(2, 50465235, '1614336086', 'BRUSH PLATE', 2, 0, 0, '', 0, '', 0),
(2, 50465235, '1614449014', 'CONNECTING CABLE', 5, 0, 0, '', 0, '', 0),
(2, 50465235, '1614449015', 'CONNECTING CABLE', 5, 0, 0, '', 0, '', 0),
(2, 50465235, '1614449021', 'CONNECTING CABLE', 5, 0, 0, '', 0, '', 0),
(2, 50465235, '1614465011', 'SUPPRESSOR BOX', 10, 0, 0, '', 0, '', 0),
(2, 50465235, '1614601060', 'SNAP RING', 2, 0, 0, '', 0, '', 0),
(2, 50465235, '1614611023', 'COMPRESSION SPRING', 2, 0, 0, '', 0, '', 0),
(2, 50465235, '1614621010', 'COMPRESSION SPRING', 2, 0, 0, '', 0, '', 0),
(2, 50465235, '1615108091', 'Motor Housing', 1, 0, 0, '', 0, '', 0),
(2, 50465235, '1615108150', 'Motor Housing', 1, 0, 0, '', 0, '', 0),
(2, 50465235, '1615806187', 'BEARING BRACKET', 5, 0, 0, '', 0, '', 0),
(2, 50465235, '1615808106', 'Bearing Holder', 1, 0, 0, '', 0, '', 0),
(2, 50465235, '1616317061', 'ECCENTRIC COG WHEEL', 1, 0, 0, '', 0, '', 0),
(2, 50465235, '1616325002', 'SWITCHING PANEL', 1, 0, 0, '', 0, '', 0),
(2, 50465235, '1616333038', 'CROWN GEAR', 1, 0, 0, '', 0, '', 0),
(2, 50465235, '1616490060', 'RATCHET SLEEVE', 1, 0, 0, '', 0, '', 0),
(2, 50465235, '1616B00086', 'O-RING', 20, 0, 0, '', 0, '', 0),
(2, 50465235, '1616B10269', 'FIELD', 5, 0, 0, '', 0, '', 0),
(2, 50465235, '1616B10337', 'SWITCH CONTACT', 10, 0, 0, '', 0, '', 0),
(2, 50465235, '1617000224', 'Wear and Tear Part Set', 1, 0, 0, '', 0, '', 0),
(2, 50465235, '1617000327', 'QUICK-CHANGE COLLET CHUCK', 1, 0, 0, '', 0, '', 0),
(2, 50465235, '1617000406', 'ROLLER SET', 6, 0, 0, '', 0, '', 0),
(2, 50465235, '1617000524', 'Armature With Fan', 2, 0, 0, '', 0, '', 0),
(2, 50465235, '1617000534', 'HAMMER PISTON', 2, 0, 0, '', 0, '', 0),
(2, 50465235, '1617000536', 'Motor Housing', 1, 0, 0, '', 0, '', 0),
(2, 50465235, '1617000557', 'HAMMER PISTON', 10, 0, 0, '', 0, '', 0),
(2, 50465235, '1617000579', 'TOOTHED SHAFT', 20, 0, 0, '', 0, '', 0),
(2, 50465235, '1617000598', 'TOOL HOLDING FIXTURE', 20, 0, 0, '', 0, '', 0),
(2, 50465232, '1617000693', 'TOOL HOLDING FIXTURE', 3, 0, 0, '', 0, '', 0),
(2, 50465235, '16170006A5', 'HAMMER PISTON', 3, 0, 0, '', 0, '', 0),
(2, 50465235, '16170006BS', 'Motor Housing', 1, 0, 0, '', 0, '', 0),
(2, 50465235, '16170006D3', 'PROTECTION SLEEVE', 20, 0, 0, '', 0, '', 0),
(2, 50465235, '1617014144', 'CARBON-BRUSH SET GBH 5-40 DCE', 20, 0, 0, '', 0, '', 0),
(2, 50465235, '1617200077', 'Switch', 1, 0, 0, '', 0, '', 0),
(2, 50465235, '1617200515', 'Switch', 5, 0, 0, '', 0, '', 0),
(2, 50465235, '1617200542', 'Switch', 5, 0, 0, '', 0, '', 0),
(2, 50465235, '1617328025', 'Suppression Filter', 5, 0, 0, '', 0, '', 0),
(2, 50465235, '1617328032', 'SUPPRESSOR BOX', 20, 0, 0, '', 0, '', 0),
(2, 50465235, '1618598175', 'QUICK-CHANGE COLLET CHUCK', 1, 0, 0, '', 0, '', 0),
(2, 50465235, '1618700064', 'HAMMER PISTON', 10, 0, 0, '', 0, '', 0),
(2, 50465235, '1618700075', 'HAMMER PISTON', 2, 0, 0, '', 0, '', 0),
(2, 50465235, '1618700083', 'HAMMER PISTON', 5, 0, 0, '', 0, '', 0),
(2, 50465235, '1619P00349', 'Armature set', 15, 0, 0, '', 0, '', 0),
(2, 50465235, '1619P00443', 'LOCKING WASHER', 10, 0, 0, '', 0, '', 0),
(2, 50465235, '1619P00446', 'Shim', 10, 0, 0, '', 0, '', 0),
(2, 50465235, '1619P00455', 'DEEP-GROOVE BALL BEARING', 100, 0, 0, '', 0, '', 0),
(2, 50465235, '1619P00456', 'BALL BEARING', 100, 0, 0, '', 0, '', 0),
(2, 50465235, '1619P01632', 'Extension Spring', 2, 0, 0, '', 0, '', 0),
(2, 50465235, '1619P01769', 'HOUSING SET', 2, 0, 0, '', 0, '', 0),
(2, 50465235, '1619P01771', 'Armature', 5, 0, 0, '', 0, '', 0),
(2, 50465235, '1619P01773', 'HAMMER PIPE', 5, 0, 0, '', 0, '', 0),
(2, 50465235, '1619P01776', 'CONNECTING CABLE', 5, 0, 0, '', 0, '', 0),
(2, 50465235, '1619P01814', 'Gear Housing GREEN', 5, 0, 0, '', 0, '', 0),
(2, 50465235, '1619P01844', 'Armature', 100, 0, 0, '', 0, '', 0),
(2, 50465235, '1619P02428', 'FIELD', 10, 0, 0, '', 0, '', 0),
(2, 50465235, '1619P02581', 'ECCENTRIC COG WHEEL', 10, 0, 0, '', 0, '', 0),
(2, 50465235, '1619P02708', 'BEARING FLANGE', 30, 0, 0, '', 0, '', 0),
(2, 50465235, '1619P02762', 'SWITCH BUTTON', 30, 0, 0, '', 0, '', 0),
(2, 50465235, '1619P02811', 'ADJUSTING SLIDE', 10, 0, 0, '', 0, '', 0),
(2, 50465235, '1619P02819', 'AIR DISTRIBUTOR', 5, 0, 0, '', 0, '', 0),
(2, 50465235, '1619P02843', 'COVER', 2, 0, 0, '', 0, '', 0),
(2, 50465235, '1619P03482', 'BOLT', 5, 0, 0, '', 0, '', 0),
(2, 50465235, '1619P03748', 'Locking Pin', 1, 0, 0, '', 0, '', 0),
(2, 50465235, '1619P03752', 'SPRING PIN', 1, 0, 0, '', 0, '', 0),
(2, 50465235, '1619P03825', 'Screw and washer assembly', 2, 0, 0, '', 0, '', 0),
(2, 50465235, '1619P06211', 'Round-Head Bolt', 2, 0, 0, '', 0, '', 0),
(2, 50465235, '1619P06334', 'Extension Spring', 1, 0, 0, '', 0, '', 0),
(2, 50465235, '1619P06345', 'Armature set', 5, 0, 0, '', 0, '', 0),
(2, 50465235, '1619P06451', 'Clamping Saddle', 10, 0, 0, '', 0, '', 0),
(2, 50465235, '1619P07647', 'Suppression Filter', 5, 0, 0, '', 0, '', 0),
(2, 50465235, '1619P08759', 'COMPRESSION SPRING', 4, 0, 0, '', 0, '', 0),
(2, 50465235, '1619P08772', 'Striker', 2, 0, 0, '', 0, '', 0),
(2, 50465235, '1619P09115', 'Armature With Fan', 2, 0, 0, '', 0, '', 0),
(2, 50465235, '1619P09620', 'GEAR HOUSING', 1, 0, 0, '', 0, '', 0),
(2, 50465235, '1619P09707', 'STRIKER PIN', 2, 0, 0, '', 0, '', 0),
(2, 50465235, '1619P09971', 'Switch', 4, 0, 0, '', 0, '', 0),
(2, 50465235, '1619P10062', 'Armature set', 5, 0, 0, '', 0, '', 0),
(2, 50465235, '1619P10769', 'Armature', 4, 0, 0, '', 0, '', 0),
(2, 50465235, '1619P10838', 'SWITCH BUTTON', 20, 0, 0, '', 0, '', 0),
(2, 50465235, '1619P10952', 'Armature', 75, 0, 0, '', 0, '', 0),
(2, 50465235, '1619P10953', 'FIELD', 50, 0, 0, '', 0, '', 0),
(2, 50465235, '1619P10958', 'Motor Housing', 5, 0, 0, '', 0, '', 0),
(2, 50465235, '1619P10959', 'Motor Housing', 5, 0, 0, '', 0, '', 0),
(2, 50465235, '1619P10968', 'Adjusting Slide-GWS 750', 20, 0, 0, '', 0, '', 0),
(2, 50465235, '1619P10969', 'Switch Button-GWS 750', 25, 0, 0, '', 0, '', 0),
(2, 50465235, '1619P11715', 'Carbon-Brush Set', 400, 0, 0, '', 0, '', 0),
(2, 50465235, '1619P11998', 'FIELD', 5, 0, 0, '', 0, '', 0),
(2, 50465235, '1619P12022', 'Bevel Gear Set', 1, 0, 0, '', 0, '', 0),
(2, 50465235, '1619P12188', 'Push Button', 15, 0, 0, '', 0, '', 0),
(2, 50465235, '1619P12188', 'Push Button', 0, 0, 0, '', 0, '', 0),
(2, 50465235, '1619P12192', 'Air-Deflector Ring', 2, 0, 0, '', 0, '', 0),
(2, 50465235, '1619P12589', 'LIFTING ROD', 2, 0, 0, '', 0, '', 0),
(2, 50465235, '1619P12765', 'LIFTING ROD', 10, 0, 0, '', 0, '', 0),
(2, 50465235, '1619P13450', 'Armature', 5, 0, 0, '', 0, '', 0),
(2, 50465235, '1619P13451', 'Intermediate Flange', 2, 0, 0, '', 0, '', 0),
(2, 50465235, '1619P13456', 'TOOTHED SHAFT', 5, 0, 0, '', 0, '', 0),
(2, 50465235, '1619P13461', 'SUPPORTING DISC', 5, 0, 0, '', 0, '', 0),
(2, 50465235, '1619P13541', 'SWITCH BUTTON', 20, 0, 0, '', 0, '', 0),
(2, 50465235, '1619P13558', 'Housing Cover', 1, 0, 0, '', 0, '', 0),
(2, 50465235, '1619P14031', 'Dust Cap-GSH 500', 2, 0, 0, '', 0, '', 0),
(2, 50465235, '1619P14877', 'FIELD', 2, 0, 0, '', 0, '', 0),
(2, 50465235, '1619P15000', 'FIELD', 10, 0, 0, '', 0, '', 0),
(2, 50465235, '1619P15334', 'Motor Housing', 1, 0, 0, '', 0, '', 0),
(2, 50465235, '1619P15405', 'Bevel Gear Set', 1, 0, 0, '', 0, '', 0),
(2, 50465235, '1619P15749', 'Armature', 10, 0, 0, '', 0, '', 0),
(2, 50465235, '1619P16276', 'Armature', 5, 0, 0, '', 0, '', 0),
(2, 50465235, '1619P16280', 'HAMMER PIPE', 2, 0, 0, '', 0, '', 0),
(2, 50465235, '1619P16327', 'CONNECTING CABLE', 5, 0, 0, '', 0, '', 0),
(2, 50465235, '1619P20540', 'HAMMER PISTON', 5, 0, 0, '', 0, '', 0),
(2, 50465235, '1619PA0678', 'FIELD', 2, 0, 0, '', 0, '', 0),
(2, 50465235, '1619PA0701', 'CHANGE-OVER SWITCH', 2, 0, 0, '', 0, '', 0),
(2, 50465235, '1619PA3304', 'Chuck', 10, 0, 0, '', 0, '', 0),
(2, 50465235, '1619PA4613', 'BEARING BRACKET', 4, 0, 0, '', 0, '', 0),
(2, 50465235, '1619PA6703', 'Switch', 4, 0, 0, '', 0, '', 0),
(2, 50465235, '1619PA6835', 'FIELD', 10, 0, 0, '', 0, '', 0),
(2, 50465235, '1619PA6948', 'Torsion Spring', 2, 0, 0, '', 0, '', 0),
(2, 50465235, '1619PA6952', 'Special Screw', 2, 0, 0, '', 0, '', 0),
(2, 50465235, '1619PA6953', 'Bushing', 2, 0, 0, '', 0, '', 0),
(2, 50465235, '1619PA6957', 'Pan head screw', 2, 0, 0, '', 0, '', 0),
(2, 50465235, '1619PA6958', 'Special Screw', 2, 0, 0, '', 0, '', 0),
(2, 50465235, '1619PA6976', 'Bearing cover', 2, 0, 0, '', 0, '', 0),
(2, 50465235, '1619PA6983', 'Dust Separator', 1, 0, 0, '', 0, '', 0),
(2, 50465235, '1619PA6994', 'Pan head screw', 2, 0, 0, '', 0, '', 0),
(2, 50465235, '1619PA6996', 'shaft lock', 2, 0, 0, '', 0, '', 0),
(2, 50465235, '1619PA7004', 'COMPRESSION SPRING', 2, 0, 0, '', 0, '', 0),
(2, 50465235, '1619PA7005', 'Torsion Spring', 2, 0, 0, '', 0, '', 0),
(2, 50465235, '1619PA7006', 'Locking Lever', 2, 0, 0, '', 0, '', 0),
(2, 50465235, '1619PA7007', 'Special Screw', 2, 0, 0, '', 0, '', 0),
(2, 50465235, '1619PA7022', 'Parallel Key', 2, 0, 0, '', 0, '', 0),
(2, 50465235, '1619PA7023', 'Clamping Flange', 2, 0, 0, '', 0, '', 0),
(2, 50465235, '1619PA7029', 'Plain Washer', 2, 0, 0, '', 0, '', 0),
(2, 50465235, '1619PA7032', 'Spindle', 2, 0, 0, '', 0, '', 0),
(2, 50465235, '1619PA7056', 'Armature', 10, 0, 0, '', 0, '', 0),
(2, 50465235, '1619PA7058', 'Special Screw', 2, 0, 0, '', 0, '', 0),
(2, 50465235, '1619PA7310', 'Motor GAS 15', 1, 0, 0, '', 0, '', 0),
(2, 50465235, '1619PA7325', 'Suction Pipe', 1, 0, 0, '', 0, '', 0),
(2, 50465235, '1619PA7327', 'floor nozzle', 1, 0, 0, '', 0, '', 0),
(2, 50465235, '1619PA7329', 'DustBag', 1, 0, 0, '', 0, '', 0),
(2, 50465235, '1619PA7629', 'Armature', 1, 0, 0, '', 0, '', 0),
(2, 50465235, '1619PA7635', 'Carbon-Brush Set', 10, 0, 0, '', 0, '', 0),
(2, 50465235, '1619PA8370', 'Filterbag', 1, 0, 0, '', 0, '', 0),
(2, 50465235, '1619PB2368', 'Motor Housing', 2, 0, 0, '', 0, '', 0),
(2, 50465235, '1619PB2788', 'Motor', 10, 0, 0, '', 0, '', 0),
(2, 50465235, '1619PB3050', 'groove ball bearing', 5, 0, 0, '', 0, '', 0),
(2, 50465235, '1619PB3053', 'Bearing Sleeve', 5, 0, 0, '', 0, '', 0),
(2, 50465235, '1619PB4036', 'Gear-GKS 140', 5, 0, 0, '', 0, '', 0),
(2, 50465235, '1619PB4412', 'Armature', 15, 0, 0, '', 0, '', 0),
(2, 50465235, '1619PB4412', 'Armature', 0, 0, 0, '', 0, '', 0),
(2, 50465235, '1619PB4413', 'FIELD', 10, 0, 0, '', 0, '', 0),
(2, 50465235, '1619PB4414', 'Switch', 5, 0, 0, '', 0, '', 0),
(2, 50465235, '1619PB4749', 'CARBON BRUSH', 50, 0, 0, '', 0, '', 0),
(2, 50465235, '1619X01792', 'COMPRESSION SPRING', 2, 0, 0, '', 0, '', 0),
(2, 50465235, '1903230010', 'BALL', 5, 0, 0, '', 0, '', 0),
(2, 50465235, '2600100041', 'Plain Washer', 5, 0, 0, '', 0, '', 0),
(2, 50465235, '2600100569', 'Shim', 10, 0, 0, '', 0, '', 0),
(2, 50465235, '2600100577', 'Shim', 10, 0, 0, '', 0, '', 0),
(2, 50465235, '2600100586', 'Shim', 3, 0, 0, '', 0, '', 0),
(2, 50465235, '2600100611', 'Shim', 5, 0, 0, '', 0, '', 0),
(2, 50465235, '2600101612', 'Shim', 10, 0, 0, '', 0, '', 0),
(2, 50465235, '2600101617', 'Shim', 5, 0, 0, '', 0, '', 0),
(2, 50465235, '2600108026', 'Felt Washer', 3, 0, 0, '', 0, '', 0),
(2, 50465235, '2600150003', 'SPRING WASHER', 3, 0, 0, '', 0, '', 0),
(2, 50465235, '2600300005', 'ROLLER', 5, 0, 0, '', 0, '', 0),
(2, 50465235, '2600421001', 'GUIDE SLEEVE', 5, 0, 0, '', 0, '', 0),
(2, 50465235, '2600500017', 'CUPPED WASHER', 5, 0, 0, '', 0, '', 0),
(2, 50465235, '2600905039', 'groove ball bearing', 2, 0, 0, '', 0, '', 0),
(2, 50465235, '2601015050', 'SEAL', 5, 0, 0, '', 0, '', 0),
(2, 50465235, '2601015901', 'Sealing Plate', 5, 0, 0, '', 0, '', 0),
(2, 50465235, '2601072901', 'ECCENTRIC DISC', 5, 0, 0, '', 0, '', 0),
(2, 50465235, '2601098003', 'COUNTERWEIGHT', 5, 0, 0, '', 0, '', 0),
(2, 50465235, '2601320018', 'RETAINING BRACKET', 5, 0, 0, '', 0, '', 0),
(2, 50465235, '2601321908', 'ROLLER LEVER', 2, 0, 0, '', 0, '', 0),
(2, 50465235, '2601328002', 'COVER DISC', 5, 0, 0, '', 0, '', 0),
(2, 50465235, '2601923004', 'FORK LEVER', 10, 0, 0, '', 0, '', 0),
(2, 50465235, '2602026908', 'CAP-HANDLE', 2, 0, 0, '', 0, '', 0),
(2, 50465235, '2602305014', 'LIFTING ROD', 1, 0, 0, '', 0, '', 0),
(2, 50465235, '2602305016', 'LIFTING ROD', 1, 0, 0, '', 0, '', 0),
(2, 50465235, '2602305042', 'AIR ELIMINATOR', 5, 0, 0, '', 0, '', 0),
(2, 50465235, '2603320001', 'SQUARE NUT', 10, 0, 0, '', 0, '', 0),
(2, 50465235, '2603341007', 'ROUND NUT', 2, 0, 0, '', 0, '', 0),
(2, 50465235, '2603410049', 'Thread-forming tap. Screw', 5, 0, 0, '', 0, '', 0),
(2, 50465235, '2603421040', 'COUNTERSUNK-HEAD SCREW', 5, 0, 0, '', 0, '', 0),
(2, 50465235, '2603435015', 'RECESSED-HEAD SCREW', 5, 0, 0, '', 0, '', 0),
(2, 50465235, '2603502015', 'Stud', 2, 0, 0, '', 0, '', 0),
(2, 50465235, '2604010578', 'Armature', 4, 0, 0, '', 0, '', 0),
(2, 50465235, '2604011028', 'Armature 220-240V (GEX 150 AC)', 5, 0, 0, '', 0, '', 0),
(2, 50465235, '2604011110', 'Armature', 2, 0, 0, '', 0, '', 0),
(2, 50465235, '2604011394', 'Armature', 3, 0, 0, '', 0, '', 0),
(2, 50465235, '2604220502', 'FIELD', 3, 0, 0, '', 0, '', 0),
(2, 50465235, '2604220529', 'FIELD', 3, 0, 0, '', 0, '', 0),
(2, 50465235, '2604220718', 'FIELD', 25, 0, 0, '', 0, '', 0),
(2, 50465235, '2604320912', 'Carbon-Brush Set', 30, 0, 0, '', 0, '', 0),
(2, 50465235, '2604321904', 'Carbon-Brush Set', 10, 0, 0, '', 0, '', 0),
(2, 50465235, '2604610140', 'COMPRESSION SPRING', 2, 0, 0, '', 0, '', 0),
(2, 50465235, '2604617004', 'COMPRESSION SPRING', 2, 0, 0, '', 0, '', 0),
(2, 50465235, '2604690056', 'Torsion Spring', 2, 0, 0, '', 0, '', 0),
(2, 50465235, '2604736001', 'TOOTHED BELT', 2, 0, 0, '', 0, '', 0),
(2, 50465235, '2604736002', 'TOOTHED BELT', 2, 0, 0, '', 0, '', 0),
(2, 50465235, '2604736004', 'TOOTHED BELT', 2, 0, 0, '', 0, '', 0),
(2, 50465235, '2605104410', 'Housing Section', 1, 0, 0, '', 0, '', 0),
(2, 50465235, '2605105105', 'Housing Section', 3, 0, 0, '', 0, '', 0),
(2, 50465235, '2605500056', 'Gear Cover', 1, 0, 0, '', 0, '', 0),
(2, 50465235, '2605500905', 'Gear Cover', 1, 0, 0, '', 0, '', 0),
(2, 50465235, '2605806082', 'GEAR HOUSING', 1, 0, 0, '', 0, '', 0),
(2, 50465235, '2606317086', 'Cylindrical Gear', 2, 0, 0, '', 0, '', 0),
(2, 50465235, '2606317098', 'Cylindrical Gear', 2, 0, 0, '', 0, '', 0),
(2, 50465235, '2606491011', 'RATCHET', 5, 0, 0, '', 0, '', 0),
(2, 50465235, '2606491014', 'COUPLING HALF', 5, 0, 0, '', 0, '', 0),
(2, 50465235, '2606491917', 'Modification Set 100-240V', 2, 0, 0, '', 0, '', 0),
(2, 50465235, '2607001130', 'NEEDLE-ROLLER CAGE', 10, 0, 0, '', 0, '', 0),
(2, 50465235, '2607200463', 'ON-OFF SWITCH', 1, 0, 0, '', 0, '', 0),
(2, 50465235, '2607200664', 'Switch', 2, 0, 0, '', 0, '', 0),
(2, 50465235, '2607202071', 'ON-OFF SWITCH', 1, 0, 0, '', 0, '', 0),
(2, 50465235, '2607202329', 'Electronics Module', 1, 0, 0, '', 0, '', 0),
(2, 50465235, '2607230119', 'Speed governor', 5, 0, 0, '', 0, '', 0),
(2, 50465235, '2607329129', 'Suppression Filter', 5, 0, 0, '', 0, '', 0),
(2, 50465235, '2609005840', 'Armature assembly', 1, 0, 0, '', 0, '', 0),
(2, 50465235, '2609100203', 'Brush-Cover', 2, 0, 0, '', 0, '', 0),
(2, 50465235, '2609100395', 'Housing', 1, 0, 0, '', 0, '', 0),
(2, 50465235, '2609100403', 'FOAM PANEL', 2, 0, 0, '', 0, '', 0),
(2, 50465235, '2609100539', 'Housing', 1, 0, 0, '', 0, '', 0),
(2, 50465235, '2609100580', 'LEVER', 5, 0, 0, '', 0, '', 0),
(2, 50465235, '2609110149', 'BEVEL GEAR', 50, 0, 0, '', 0, '', 0),
(2, 50465235, '2609110150', 'CROWN GEAR', 50, 0, 0, '', 0, '', 0),
(2, 50465235, '2609111930', 'Chuck', 20, 0, 0, '', 0, '', 0),
(2, 50465235, '2609120168', 'Armature', 2, 0, 0, '', 0, '', 0),
(2, 50465235, '2609120169', 'Stator', 1, 0, 0, '', 0, '', 0),
(2, 50465235, '2609120317', 'BRUSH PLATE', 10, 0, 0, '', 0, '', 0),
(2, 50465235, '2609160123', 'DRILLING SPINDLE GSB 13 RE', 3, 0, 0, '', 0, '', 0),
(2, 50465235, '2609160127', 'CHANGE-OVER SWITCH', 4, 0, 0, '', 0, '', 0),
(2, 50465235, '2609199169', 'Carbon-Brush Set', 10, 0, 0, '', 0, '', 0),
(2, 50465235, '2609199258', 'DC MOTOR', 1, 0, 0, '', 0, '', 0),
(2, 50465235, '2609199667', 'Armature set', 1, 0, 0, '', 0, '', 0),
(2, 50465235, '2610035221', 'Housing', 1, 0, 0, '', 0, '', 0),
(2, 50465235, '2910021118', 'SOCKET HEAD SCREW', 4, 0, 0, '', 0, '', 0),
(2, 50465235, '2910141197', 'HEX SOCKET HEAD CAP SCREW', 10, 0, 0, '', 0, '', 0),
(2, 50465235, '2910211283', 'SELF-TAPPING SCREW', 4, 0, 0, '', 0, '', 0);
INSERT INTO `inbounddetails` (`inboundid`, `recno`, `skucode`, `name`, `expqty`, `ap`, `dm`, `tolot`, `phyqty`, `remark`, `confirm`) VALUES
(2, 50465235, '2914201483', 'Torx Oval-Head Screw', 10, 0, 0, '', 0, '', 0),
(2, 50465235, '2914201508', 'Torx Oval-Head Screw', 4, 0, 0, '', 0, '', 0),
(2, 50465235, '2916690002', 'SPRING LOCK WASHER', 2, 0, 0, '', 0, '', 0),
(2, 50465235, '2916690003', 'SPRING LOCK WASHER', 2, 0, 0, '', 0, '', 0),
(2, 50465235, '3603345016', 'ROUND NUT', 3, 0, 0, '', 0, '', 0),
(2, 50465235, '3604010091', 'Armature 230V GBM 32-4', 10, 0, 0, '', 0, '', 0),
(2, 50465235, '3607014012', 'Carbon-Brush Set', 5, 0, 0, '', 0, '', 0),
(2, 50465235, '3607031913', 'drive electronics        30-300', 2, 0, 0, '', 0, '', 0),
(2, 50465235, '3607031917', 'drive electronics        50-210', 2, 0, 0, '', 0, '', 0),
(2, 50465235, '3609202921', 'Retaining ring', 2, 0, 0, '', 0, '', 0),
(2, 50465235, '3613344500', 'OIL RETURN RING', 2, 0, 0, '', 0, '', 0),
(2, 50465235, '9618088985', 'Carbon-Brush Set', 5, 0, 0, '', 0, '', 0),
(2, 50465235, 'F016F04329', 'Pump head', 1, 0, 0, '', 0, '', 0),
(2, 50465235, 'F016F04440', 'Pump unit', 10, 0, 0, '', 0, '', 0),
(2, 50465235, 'F016F04796', 'Trigger', 10, 0, 0, '', 0, '', 0),
(2, 50465235, 'F016F04801', 'Pump head', 3, 0, 0, '', 0, '', 0),
(2, 50465235, 'F016F05013', 'High-Pressure Hose', 10, 0, 0, '', 0, '', 0),
(2, 50465235, 'F016F05052', 'Water filter', 30, 0, 0, '', 0, '', 0),
(2, 50465235, 'F016F05053', '3-in-1-nozzle', 2, 0, 0, '', 0, '', 0),
(2, 50465235, 'F016F05054', 'Fixed fan jet nozzle', 2, 0, 0, '', 0, '', 0),
(2, 50465235, 'F016F05280', 'Trigger Handle', 15, 0, 0, '', 0, '', 0),
(2, 50465235, 'F016F05281', 'Lance', 5, 0, 0, '', 0, '', 0),
(2, 50465235, 'F016F05362', 'Nozzle', 5, 0, 0, '', 0, '', 0),
(2, 50465235, 'F016L72014', 'O-RING', 1, 0, 0, '', 0, '', 0),
(2, 50465235, 'F016L72017', 'Spring', 1, 0, 0, '', 0, '', 0),
(2, 50465235, 'F016L72021', 'Valve', 1, 0, 0, '', 0, '', 0),
(2, 50465235, 'F016L72022', 'O-RING', 2, 0, 0, '', 0, '', 0),
(2, 50465235, 'F016L72028', 'Nipple', 2, 0, 0, '', 0, '', 0),
(2, 50465235, 'F016L72034', 'Spacer Ring', 1, 0, 0, '', 0, '', 0),
(2, 50465235, 'F016L72036', 'Piston Guide', 1, 0, 0, '', 0, '', 0),
(2, 50465235, 'F016L72072', 'Spring', 2, 0, 0, '', 0, '', 0),
(2, 50465235, 'F016L72073', 'BALL', 2, 0, 0, '', 0, '', 0),
(2, 50465235, 'F016L72074', 'O-RING', 2, 0, 0, '', 0, '', 0),
(2, 50465235, 'F016L72090', 'Condenser', 1, 0, 0, '', 0, '', 0),
(2, 50465235, 'F016L72201', 'Screw', 1, 0, 0, '', 0, '', 0),
(2, 50465235, 'F016L72245', 'Screw', 1, 0, 0, '', 0, '', 0),
(2, 50465235, 'F016L72256', 'Switch', 1, 0, 0, '', 0, '', 0),
(2, 50465235, 'F016L72259', 'Switch', 1, 0, 0, '', 0, '', 0),
(2, 0, '', '', 3, 0, 0, '', 0, '', 0),
(3, 50465235, '1600200029', 'Plain bearing', 3, 0, 0, '', 0, '', 0),
(3, 50465235, '1600A000VY', 'Air Hose', 1, 1, 0, '', 1, '', 1),
(3, 50465235, '1600A003G4', 'BRUSH HOLDER', 5, 0, 0, '', 0, '', 0),
(3, 50465235, '1600A004BS', 'Electronic Assembly', 1, 0, 1, '', 1, '', 1),
(3, 50465235, '1600A008RV', 'Flange', 10, 0, 0, '', 0, '', 0),
(3, 50465235, '1600A00F8P', 'Gear Box', 2, 0, 0, '', 0, '', 0),
(3, 50465235, '1600A00FG7', 'Electronics Module', 1, 0, 0, '', 0, '', 0),
(3, 50465235, '1600A00HR1', 'Fast Charger 230V GSR 120 LI', 5, 1, 1, '', 2, '', 1),
(3, 50465235, '1600A00N61', 'Gear Box', 1, 0, 0, '', 0, '', 0),
(3, 50465235, '1600A011KB', 'BRUSH HOLDER', 10, 0, 0, '', 0, '', 0),
(3, 50465235, '1600A014FM', 'Shift-Lever Knob', 5, 0, 0, '', 0, '', 0),
(3, 50465235, '1600A014L1', 'Bracket', 30, 0, 0, '', 0, '', 0),
(3, 50465235, '1600A014L3', 'Baseplate', 35, 0, 0, '', 0, '', 0),
(3, 50465235, '1600A014L4', 'Pad', 10, 0, 0, '', 0, '', 0),
(3, 50465235, '1600A014UK', 'Nut', 10, 0, 0, '', 0, '', 0),
(3, 50465235, '160202508X', 'AUXILIARY HANDLE', 2, 0, 0, '', 0, '', 0),
(3, 50465235, '1602026057', 'SWITCH HANDLE', 20, 0, 0, '', 0, '', 0),
(3, 50465235, '1602026068', 'SWITCH HANDLE', 15, 0, 0, '', 0, '', 0),
(3, 50465235, '160343005U', 'CREW', 20, 0, 0, '', 0, '', 0),
(3, 50465235, '1603435078', 'Torx Oval-Head Screw', 10, 0, 0, '', 0, '', 0),
(3, 50465235, '1603523111', 'GRINDING SPINDLE', 5, 0, 0, '', 0, '', 0),
(3, 50465235, '1604010626', 'Armature', 50, 0, 0, '', 0, '', 0),
(3, 50465235, '1604010633', 'Armature With Fan', 1, 0, 0, '', 0, '', 0),
(3, 50465235, '1604010A22', 'Armature With Fan 220-240V GWS 14-125 CI', 3, 0, 0, '', 0, '', 0),
(3, 50465235, '1604010B6R', 'Armature', 3, 0, 0, '', 0, '', 0),
(3, 50465235, '1604010B9J', 'Armature-GKS 140', 25, 0, 0, '', 0, '', 0),
(3, 50465235, '1604010BC1', 'Armature', 1, 0, 0, '', 0, '', 0),
(3, 50465235, '1604010BK6', 'Armature', 10, 0, 0, '', 0, '', 0),
(3, 50465235, '1604011252', 'Armature', 5, 0, 0, '', 0, '', 0),
(3, 50465235, '1604220328', 'FIELD', 20, 0, 0, '', 0, '', 0),
(3, 50465235, '1604220380', 'FIELD', 5, 0, 0, '', 0, '', 0),
(3, 50465235, '1604220455', 'FIELD', 2, 0, 0, '', 0, '', 0),
(3, 50465235, '1604220457', 'FIELD', 10, 0, 0, '', 0, '', 0),
(3, 50465235, '1604220470', 'FIELD', 3, 0, 0, '', 0, '', 0),
(3, 50465235, '160422052J', 'FIELD', 3, 0, 0, '', 0, '', 0),
(3, 50465235, '1604336021', 'BRUSH HOLDER', 30, 0, 0, '', 0, '', 0),
(3, 50465235, '1604652006', 'Spiral Spring', 10, 0, 0, '', 0, '', 0),
(3, 50465235, '160465202M', 'Spiral Spring', 5, 0, 0, '', 0, '', 0),
(3, 50465235, '1605108190', 'Motor Housing', 1, 0, 0, '', 0, '', 0),
(3, 50465235, '1605500278', 'Housing Cover', 1, 0, 0, '', 0, '', 0),
(3, 50465235, '1605805090', 'Bearing Flange BLACK GWS 8-100 C', 3, 0, 0, '', 0, '', 0),
(3, 50465235, '1605806466', 'GEAR HOUSING', 5, 0, 0, '', 0, '', 0),
(3, 50465235, '16058065SB', 'GEAR HOUSING(GWS 14-125 CI)', 1, 0, 0, '', 0, '', 0),
(3, 50465235, '1607000298', 'PUSH-BUTTON', 10, 0, 0, '', 0, '', 0),
(3, 50465235, '1607000967', 'ON-OFF SWITCH', 1, 0, 0, '', 0, '', 0),
(3, 50465235, '1607000971', 'Switch', 1, 0, 0, '', 0, '', 0),
(3, 50465235, '1607000C3M', 'HAMMER PISTON', 10, 0, 0, '', 0, '', 1),
(3, 50465235, '1607000C3M', 'HAMMER PISTON', 0, 0, 0, '', 0, '', 1),
(3, 50465235, '1607000C3P', 'CONNECTING ROD', 5, 0, 0, '', 0, '', 0),
(3, 50465235, '1607000C5K', 'Motor Spare Parts Set', 5, 0, 0, '', 0, '', 0),
(3, 50465235, '1607000CZ1', 'Carbon Brush Set GSR 180LI', 100, 0, 0, '', 0, '', 0),
(3, 50465235, '1607000D0D', 'Printed Circuit Board', 5, 0, 0, '', 0, '', 0),
(3, 50465235, '1607000D1V', 'Motor', 15, 0, 0, '', 0, '', 0),
(3, 50465235, '1607014145', '\"CARBON-BRUSH SET-4\"\" AG\"', 500, 0, 0, '', 0, '', 0),
(3, 50465235, '160701417J', 'Carbon-Brush Set', 20, 0, 0, '', 0, '', 0),
(3, 50465235, '160701418R', 'Carbon-Brush Set', 50, 0, 0, '', 0, '', 0),
(3, 50465235, '1607200150', 'Switch', 1, 0, 0, '', 0, '', 0),
(3, 50465235, '1607200179', 'ON-OFF SWITCH', 25, 0, 0, '', 0, '', 0),
(3, 50465235, '1607200270', 'Switch', 5, 0, 0, '', 0, '', 0),
(3, 50465235, '160720031V', 'Switch', 20, 0, 0, '', 0, '', 0),
(3, 50465235, '160720031Y', 'Switch', 20, 0, 0, '', 0, '', 0),
(3, 50465235, '1607200326', 'Switch', 20, 0, 0, '', 0, '', 0),
(3, 50465235, '160720035P', 'Switch', 5, 0, 0, '', 0, '', 0),
(3, 50465235, '1607200372', 'Switch', 5, 0, 0, '', 0, '', 0),
(3, 50465235, '1607233196', 'Speed governor', 2, 0, 0, '', 0, '', 0),
(3, 50465235, '1607233291', 'Speed governor', 2, 0, 0, '', 0, '', 0),
(3, 50465235, '160723358M', 'Speed governor', 5, 0, 0, '', 0, '', 0),
(3, 50465235, '16072335CV', 'Speed governor', 20, 0, 0, '', 0, '', 0),
(3, 50465235, '1607328059', 'Suppression Filter', 5, 0, 0, '', 0, '', 0),
(3, 50465235, '1609201215', 'TOOTHED BELT', 3, 0, 0, '', 0, '', 0),
(3, 50465235, '1609B04462', 'Mitre Fence', 1, 0, 0, '', 0, '', 0),
(3, 50465235, '1610021006', 'Shift Plate', 10, 0, 0, '', 0, '', 0),
(3, 50465235, '1610102029', 'SUPPORTING DISC', 5, 0, 0, '', 0, '', 0),
(3, 50465235, '1610119010', 'Spring Retaining ring GSH 11 E', 5, 0, 0, '', 0, '', 0),
(3, 50465235, '1610210070', 'O-RING', 5, 0, 0, '', 0, '', 0),
(3, 50465235, '1610210091', 'O-RING', 5, 0, 0, '', 0, '', 0),
(3, 50465235, '1610210122', 'O-RING', 20, 0, 0, '', 0, '', 0),
(3, 50465235, '1610210144', 'O-RING (22,0x3,0 MM)', 10, 0, 0, '', 0, '', 0),
(3, 50465235, '1610210199', 'O-RING', 2, 0, 0, '', 0, '', 0),
(3, 50465235, '1610290028', 'ROTARY SHAFT LIP SEAL', 10, 0, 0, '', 0, '', 0),
(3, 50465235, '1610290065', 'SEALING RING', 5, 0, 0, '', 0, '', 0),
(3, 50465235, '1610290066', 'ROTARY SHAFT LIP SEAL', 3, 0, 0, '', 0, '', 0),
(3, 50465235, '1610290076', 'Indexing Disk', 5, 0, 0, '', 0, '', 0),
(3, 50465235, '1610290112', 'Rotary shaft lip sea', 3, 0, 0, '', 0, '', 0),
(3, 50465235, '1610300063', 'Bushing', 2, 0, 0, '', 0, '', 0),
(3, 50465235, '1610300064', 'GEAR SLEEVE', 1, 0, 0, '', 0, '', 0),
(3, 50465235, '1610314004', 'SEALING SLEEVE', 1, 0, 0, '', 0, '', 0),
(3, 50465235, '1610314006', 'SEALING SLEEVE', 2, 0, 0, '', 0, '', 0),
(3, 50465235, '1610499023', 'PROTECTION SLEEVE', 10, 0, 0, '', 0, '', 0),
(3, 50465235, '1610500023', 'Retaining snap ring', 2, 0, 0, '', 0, '', 0),
(3, 50465235, '1610508052', 'PROTECTIVE CAP', 10, 0, 0, '', 0, '', 0),
(3, 50465235, '1610521011', 'STOP SLEEVE', 3, 0, 0, '', 0, '', 0),
(3, 50465235, '1610591014', 'PROTECTION SLEEVE', 3, 0, 0, '', 0, '', 0),
(3, 50465235, '1610591051', 'PROTECTION SLEEVE', 2, 0, 0, '', 0, '', 0),
(3, 50465235, '1611006008', 'Holding Plate GSH 16-30', 2, 0, 0, '', 0, '', 0),
(3, 50465235, '1611016003', 'HOLDING PLATE', 30, 0, 0, '', 0, '', 0),
(3, 50465235, '1611329024', 'SWITCH CONTACT', 50, 0, 0, '', 0, '', 0),
(3, 50465235, '1612001033', 'CONNECTING ROD', 5, 0, 0, '', 0, '', 0),
(3, 50465235, '1612001034', 'CONNECTING ROD', 1, 0, 0, '', 0, '', 0),
(3, 50465235, '1612025055', 'AUXILIARY HANDLE', 1, 0, 0, '', 0, '', 0),
(3, 50465235, '1612026048', 'Shift Plate', 20, 0, 0, '', 0, '', 0),
(3, 50465235, '1612026049', 'CONTROL LEVER', 20, 0, 0, '', 0, '', 0),
(3, 50465235, '1612210118', 'ECCENTRIC', 1, 0, 0, '', 0, '', 0),
(3, 50465235, '1613103004', 'Locking Bolt', 1, 0, 0, '', 0, '', 0),
(3, 50465235, '1613124081', 'STRIKER PIN', 6, 0, 0, '', 0, '', 0),
(3, 50465235, '1613200020', 'Cylindrical Roller', 6, 0, 0, '', 0, '', 0),
(3, 50465235, '1613300007', 'HEX NUT', 2, 0, 0, '', 0, '', 0),
(3, 50465235, '1613349020', 'HEXAGON NUT-GSH 16-30', 2, 0, 0, '', 0, '', 0),
(3, 50465235, '1613435016', 'Torx Oval-Head Screw', 10, 0, 0, '', 0, '', 0),
(3, 50465235, '1613435037', 'Thread-forming tap. Screw', 10, 0, 0, '', 0, '', 0),
(3, 50465235, '1614010262', 'Armature', 1, 0, 0, '', 0, '', 0),
(3, 50465235, '1614010705', 'Armature With Fan', 1, 0, 0, '', 0, '', 0),
(3, 50465235, '1614010709', 'Armature', 20, 0, 0, '', 0, '', 0),
(3, 50465235, '1614010711', 'Armature', 20, 0, 0, '', 0, '', 0),
(3, 50465235, '1614011117', 'Armature', 5, 0, 0, '', 0, '', 0),
(3, 50465235, '1614220208', 'FIELD', 2, 0, 0, '', 0, '', 0),
(3, 50465235, '1614336086', 'BRUSH PLATE', 2, 0, 0, '', 0, '', 0),
(3, 50465235, '1614449014', 'CONNECTING CABLE', 5, 0, 0, '', 0, '', 0),
(3, 50465235, '1614449015', 'CONNECTING CABLE', 5, 0, 0, '', 0, '', 0),
(3, 50465235, '1614449021', 'CONNECTING CABLE', 5, 0, 0, '', 0, '', 0),
(3, 50465235, '1614465011', 'SUPPRESSOR BOX', 10, 0, 0, '', 0, '', 0),
(3, 50465235, '1614601060', 'SNAP RING', 2, 0, 0, '', 0, '', 0),
(3, 50465235, '1614611023', 'COMPRESSION SPRING', 2, 0, 0, '', 0, '', 0),
(3, 50465235, '1614621010', 'COMPRESSION SPRING', 2, 0, 0, '', 0, '', 0),
(3, 50465235, '1615108091', 'Motor Housing', 1, 0, 0, '', 0, '', 0),
(3, 50465235, '1615108150', 'Motor Housing', 1, 0, 0, '', 0, '', 0),
(3, 50465235, '1615806187', 'BEARING BRACKET', 5, 0, 0, '', 0, '', 0),
(3, 50465235, '1615808106', 'Bearing Holder', 1, 0, 0, '', 0, '', 0),
(3, 50465235, '1616317061', 'ECCENTRIC COG WHEEL', 1, 0, 0, '', 0, '', 0),
(3, 50465235, '1616325002', 'SWITCHING PANEL', 1, 0, 0, '', 0, '', 0),
(3, 50465235, '1616333038', 'CROWN GEAR', 1, 0, 0, '', 0, '', 0),
(3, 50465235, '1616490060', 'RATCHET SLEEVE', 1, 0, 0, '', 0, '', 0),
(3, 50465235, '1616B00086', 'O-RING', 20, 0, 0, '', 0, '', 0),
(3, 50465235, '1616B10269', 'FIELD', 5, 0, 0, '', 0, '', 0),
(3, 50465235, '1616B10337', 'SWITCH CONTACT', 10, 0, 0, '', 0, '', 0),
(3, 50465235, '1617000224', 'Wear and Tear Part Set', 1, 0, 0, '', 0, '', 0),
(3, 50465235, '1617000327', 'QUICK-CHANGE COLLET CHUCK', 1, 0, 0, '', 0, '', 0),
(3, 50465235, '1617000406', 'ROLLER SET', 6, 0, 0, '', 0, '', 0),
(3, 50465235, '1617000524', 'Armature With Fan', 2, 0, 0, '', 0, '', 0),
(3, 50465235, '1617000534', 'HAMMER PISTON', 2, 0, 0, '', 0, '', 0),
(3, 50465235, '1617000536', 'Motor Housing', 1, 0, 0, '', 0, '', 0),
(3, 50465235, '1617000557', 'HAMMER PISTON', 10, 0, 0, '', 0, '', 0),
(3, 50465235, '1617000579', 'TOOTHED SHAFT', 20, 0, 0, '', 0, '', 0),
(3, 50465235, '1617000598', 'TOOL HOLDING FIXTURE', 20, 0, 0, '', 0, '', 0),
(3, 50465232, '1617000693', 'TOOL HOLDING FIXTURE', 3, 0, 0, '', 0, '', 0),
(3, 50465235, '16170006A5', 'HAMMER PISTON', 3, 0, 0, '', 0, '', 0),
(3, 50465235, '16170006BS', 'Motor Housing', 1, 0, 0, '', 0, '', 0),
(3, 50465235, '16170006D3', 'PROTECTION SLEEVE', 20, 0, 0, '', 0, '', 0),
(3, 50465235, '1617014144', 'CARBON-BRUSH SET GBH 5-40 DCE', 20, 0, 0, '', 0, '', 0),
(3, 50465235, '1617200077', 'Switch', 1, 0, 0, '', 0, '', 0),
(3, 50465235, '1617200515', 'Switch', 5, 0, 0, '', 0, '', 0),
(3, 50465235, '1617200542', 'Switch', 5, 0, 0, '', 0, '', 0),
(3, 50465235, '1617328025', 'Suppression Filter', 5, 0, 0, '', 0, '', 0),
(3, 50465235, '1617328032', 'SUPPRESSOR BOX', 20, 0, 0, '', 0, '', 0),
(3, 50465235, '1618598175', 'QUICK-CHANGE COLLET CHUCK', 1, 0, 0, '', 0, '', 0),
(3, 50465235, '1618700064', 'HAMMER PISTON', 10, 0, 0, '', 0, '', 0),
(3, 50465235, '1618700075', 'HAMMER PISTON', 2, 0, 0, '', 0, '', 0),
(3, 50465235, '1618700083', 'HAMMER PISTON', 5, 0, 0, '', 0, '', 0),
(3, 50465235, '1619P00349', 'Armature set', 15, 0, 0, '', 0, '', 0),
(3, 50465235, '1619P00443', 'LOCKING WASHER', 10, 0, 0, '', 0, '', 0),
(3, 50465235, '1619P00446', 'Shim', 10, 0, 0, '', 0, '', 0),
(3, 50465235, '1619P00455', 'DEEP-GROOVE BALL BEARING', 100, 0, 0, '', 0, '', 0),
(3, 50465235, '1619P00456', 'BALL BEARING', 100, 0, 0, '', 0, '', 0),
(3, 50465235, '1619P01632', 'Extension Spring', 2, 0, 0, '', 0, '', 0),
(3, 50465235, '1619P01769', 'HOUSING SET', 2, 0, 0, '', 0, '', 0),
(3, 50465235, '1619P01771', 'Armature', 5, 0, 0, '', 0, '', 0),
(3, 50465235, '1619P01773', 'HAMMER PIPE', 5, 0, 0, '', 0, '', 0),
(3, 50465235, '1619P01776', 'CONNECTING CABLE', 5, 0, 0, '', 0, '', 0),
(3, 50465235, '1619P01814', 'Gear Housing GREEN', 5, 0, 0, '', 0, '', 0),
(3, 50465235, '1619P01844', 'Armature', 100, 0, 0, '', 0, '', 0),
(3, 50465235, '1619P02428', 'FIELD', 10, 0, 0, '', 0, '', 0),
(3, 50465235, '1619P02581', 'ECCENTRIC COG WHEEL', 10, 0, 0, '', 0, '', 0),
(3, 50465235, '1619P02708', 'BEARING FLANGE', 30, 0, 0, '', 0, '', 0),
(3, 50465235, '1619P02762', 'SWITCH BUTTON', 30, 0, 0, '', 0, '', 0),
(3, 50465235, '1619P02811', 'ADJUSTING SLIDE', 10, 0, 0, '', 0, '', 0),
(3, 50465235, '1619P02819', 'AIR DISTRIBUTOR', 5, 0, 0, '', 0, '', 0),
(3, 50465235, '1619P02843', 'COVER', 2, 0, 0, '', 0, '', 0),
(3, 50465235, '1619P03482', 'BOLT', 5, 0, 0, '', 0, '', 0),
(3, 50465235, '1619P03748', 'Locking Pin', 1, 0, 0, '', 0, '', 0),
(3, 50465235, '1619P03752', 'SPRING PIN', 1, 0, 0, '', 0, '', 0),
(3, 50465235, '1619P03825', 'Screw and washer assembly', 2, 0, 0, '', 0, '', 0),
(3, 50465235, '1619P06211', 'Round-Head Bolt', 2, 0, 0, '', 0, '', 0),
(3, 50465235, '1619P06334', 'Extension Spring', 1, 0, 0, '', 0, '', 0),
(3, 50465235, '1619P06345', 'Armature set', 5, 0, 0, '', 0, '', 0),
(3, 50465235, '1619P06451', 'Clamping Saddle', 10, 0, 0, '', 0, '', 0),
(3, 50465235, '1619P07647', 'Suppression Filter', 5, 0, 0, '', 0, '', 0),
(3, 50465235, '1619P08759', 'COMPRESSION SPRING', 4, 0, 0, '', 0, '', 0),
(3, 50465235, '1619P08772', 'Striker', 2, 0, 0, '', 0, '', 0),
(3, 50465235, '1619P09115', 'Armature With Fan', 2, 0, 0, '', 0, '', 0),
(3, 50465235, '1619P09620', 'GEAR HOUSING', 1, 0, 0, '', 0, '', 0),
(3, 50465235, '1619P09707', 'STRIKER PIN', 2, 0, 0, '', 0, '', 0),
(3, 50465235, '1619P09971', 'Switch', 4, 0, 0, '', 0, '', 0),
(3, 50465235, '1619P10062', 'Armature set', 5, 0, 0, '', 0, '', 0),
(3, 50465235, '1619P10769', 'Armature', 4, 0, 0, '', 0, '', 0),
(3, 50465235, '1619P10838', 'SWITCH BUTTON', 20, 0, 0, '', 0, '', 0),
(3, 50465235, '1619P10952', 'Armature', 75, 0, 0, '', 0, '', 0),
(3, 50465235, '1619P10953', 'FIELD', 50, 0, 0, '', 0, '', 0),
(3, 50465235, '1619P10958', 'Motor Housing', 5, 0, 0, '', 0, '', 0),
(3, 50465235, '1619P10959', 'Motor Housing', 5, 0, 0, '', 0, '', 0),
(3, 50465235, '1619P10968', 'Adjusting Slide-GWS 750', 20, 0, 0, '', 0, '', 0),
(3, 50465235, '1619P10969', 'Switch Button-GWS 750', 25, 0, 0, '', 0, '', 0),
(3, 50465235, '1619P11715', 'Carbon-Brush Set', 400, 0, 0, '', 0, '', 0),
(3, 50465235, '1619P11998', 'FIELD', 5, 0, 0, '', 0, '', 0),
(3, 50465235, '1619P12022', 'Bevel Gear Set', 1, 0, 0, '', 0, '', 0),
(3, 50465235, '1619P12188', 'Push Button', 15, 0, 0, '', 0, '', 0),
(3, 50465235, '1619P12188', 'Push Button', 0, 0, 0, '', 0, '', 0),
(3, 50465235, '1619P12192', 'Air-Deflector Ring', 2, 0, 0, '', 0, '', 0),
(3, 50465235, '1619P12589', 'LIFTING ROD', 2, 0, 0, '', 0, '', 0),
(3, 50465235, '1619P12765', 'LIFTING ROD', 10, 0, 0, '', 0, '', 0),
(3, 50465235, '1619P13450', 'Armature', 5, 0, 0, '', 0, '', 0),
(3, 50465235, '1619P13451', 'Intermediate Flange', 2, 0, 0, '', 0, '', 0),
(3, 50465235, '1619P13456', 'TOOTHED SHAFT', 5, 0, 0, '', 0, '', 0),
(3, 50465235, '1619P13461', 'SUPPORTING DISC', 5, 0, 0, '', 0, '', 0),
(3, 50465235, '1619P13541', 'SWITCH BUTTON', 20, 0, 0, '', 0, '', 0),
(3, 50465235, '1619P13558', 'Housing Cover', 1, 0, 0, '', 0, '', 0),
(3, 50465235, '1619P14031', 'Dust Cap-GSH 500', 2, 0, 0, '', 0, '', 0),
(3, 50465235, '1619P14877', 'FIELD', 2, 0, 0, '', 0, '', 0),
(3, 50465235, '1619P15000', 'FIELD', 10, 0, 0, '', 0, '', 0),
(3, 50465235, '1619P15334', 'Motor Housing', 1, 0, 0, '', 0, '', 0),
(3, 50465235, '1619P15405', 'Bevel Gear Set', 1, 0, 0, '', 0, '', 0),
(3, 50465235, '1619P15749', 'Armature', 10, 0, 0, '', 0, '', 0),
(3, 50465235, '1619P16276', 'Armature', 5, 0, 0, '', 0, '', 0),
(3, 50465235, '1619P16280', 'HAMMER PIPE', 2, 0, 0, '', 0, '', 0),
(3, 50465235, '1619P16327', 'CONNECTING CABLE', 5, 0, 0, '', 0, '', 0),
(3, 50465235, '1619P20540', 'HAMMER PISTON', 5, 0, 0, '', 0, '', 0),
(3, 50465235, '1619PA0678', 'FIELD', 2, 0, 0, '', 0, '', 0),
(3, 50465235, '1619PA0701', 'CHANGE-OVER SWITCH', 2, 0, 0, '', 0, '', 0),
(3, 50465235, '1619PA3304', 'Chuck', 10, 0, 0, '', 0, '', 0),
(3, 50465235, '1619PA4613', 'BEARING BRACKET', 4, 0, 0, '', 0, '', 0),
(3, 50465235, '1619PA6703', 'Switch', 4, 0, 0, '', 0, '', 0),
(3, 50465235, '1619PA6835', 'FIELD', 10, 0, 0, '', 0, '', 0),
(3, 50465235, '1619PA6948', 'Torsion Spring', 2, 0, 0, '', 0, '', 0),
(3, 50465235, '1619PA6952', 'Special Screw', 2, 0, 0, '', 0, '', 0),
(3, 50465235, '1619PA6953', 'Bushing', 2, 0, 0, '', 0, '', 0),
(3, 50465235, '1619PA6957', 'Pan head screw', 2, 0, 0, '', 0, '', 0),
(3, 50465235, '1619PA6958', 'Special Screw', 2, 0, 0, '', 0, '', 0),
(3, 50465235, '1619PA6976', 'Bearing cover', 2, 0, 0, '', 0, '', 0),
(3, 50465235, '1619PA6983', 'Dust Separator', 1, 0, 0, '', 0, '', 0),
(3, 50465235, '1619PA6994', 'Pan head screw', 2, 0, 0, '', 0, '', 0),
(3, 50465235, '1619PA6996', 'shaft lock', 2, 0, 0, '', 0, '', 0),
(3, 50465235, '1619PA7004', 'COMPRESSION SPRING', 2, 0, 0, '', 0, '', 0),
(3, 50465235, '1619PA7005', 'Torsion Spring', 2, 0, 0, '', 0, '', 0),
(3, 50465235, '1619PA7006', 'Locking Lever', 2, 0, 0, '', 0, '', 0),
(3, 50465235, '1619PA7007', 'Special Screw', 2, 0, 0, '', 0, '', 0),
(3, 50465235, '1619PA7022', 'Parallel Key', 2, 0, 0, '', 0, '', 0),
(3, 50465235, '1619PA7023', 'Clamping Flange', 2, 0, 0, '', 0, '', 0),
(3, 50465235, '1619PA7029', 'Plain Washer', 2, 0, 0, '', 0, '', 0),
(3, 50465235, '1619PA7032', 'Spindle', 2, 0, 0, '', 0, '', 0),
(3, 50465235, '1619PA7056', 'Armature', 10, 0, 0, '', 0, '', 0),
(3, 50465235, '1619PA7058', 'Special Screw', 2, 0, 0, '', 0, '', 0),
(3, 50465235, '1619PA7310', 'Motor GAS 15', 1, 0, 0, '', 0, '', 0),
(3, 50465235, '1619PA7325', 'Suction Pipe', 1, 0, 0, '', 0, '', 0),
(3, 50465235, '1619PA7327', 'floor nozzle', 1, 0, 0, '', 0, '', 0),
(3, 50465235, '1619PA7329', 'DustBag', 1, 0, 0, '', 0, '', 0),
(3, 50465235, '1619PA7629', 'Armature', 1, 0, 0, '', 0, '', 0),
(3, 50465235, '1619PA7635', 'Carbon-Brush Set', 10, 0, 0, '', 0, '', 0),
(3, 50465235, '1619PA8370', 'Filterbag', 1, 0, 0, '', 0, '', 0),
(3, 50465235, '1619PB2368', 'Motor Housing', 2, 0, 0, '', 0, '', 0),
(3, 50465235, '1619PB2788', 'Motor', 10, 0, 0, '', 0, '', 0),
(3, 50465235, '1619PB3050', 'groove ball bearing', 5, 0, 0, '', 0, '', 0),
(3, 50465235, '1619PB3053', 'Bearing Sleeve', 5, 0, 0, '', 0, '', 0),
(3, 50465235, '1619PB4036', 'Gear-GKS 140', 5, 0, 0, '', 0, '', 0),
(3, 50465235, '1619PB4412', 'Armature', 15, 0, 0, '', 0, '', 0),
(3, 50465235, '1619PB4412', 'Armature', 0, 0, 0, '', 0, '', 0),
(3, 50465235, '1619PB4413', 'FIELD', 10, 0, 0, '', 0, '', 0),
(3, 50465235, '1619PB4414', 'Switch', 5, 0, 0, '', 0, '', 0),
(3, 50465235, '1619PB4749', 'CARBON BRUSH', 50, 0, 0, '', 0, '', 0),
(3, 50465235, '1619X01792', 'COMPRESSION SPRING', 2, 0, 0, '', 0, '', 0),
(3, 50465235, '1903230010', 'BALL', 5, 0, 0, '', 0, '', 0),
(3, 50465235, '2600100041', 'Plain Washer', 5, 0, 0, '', 0, '', 0),
(3, 50465235, '2600100569', 'Shim', 10, 0, 0, '', 0, '', 0),
(3, 50465235, '2600100577', 'Shim', 10, 0, 0, '', 0, '', 0),
(3, 50465235, '2600100586', 'Shim', 3, 0, 0, '', 0, '', 0),
(3, 50465235, '2600100611', 'Shim', 5, 0, 0, '', 0, '', 0),
(3, 50465235, '2600101612', 'Shim', 10, 0, 0, '', 0, '', 0),
(3, 50465235, '2600101617', 'Shim', 5, 0, 0, '', 0, '', 0),
(3, 50465235, '2600108026', 'Felt Washer', 3, 0, 0, '', 0, '', 0),
(3, 50465235, '2600150003', 'SPRING WASHER', 3, 0, 0, '', 0, '', 0),
(3, 50465235, '2600300005', 'ROLLER', 5, 0, 0, '', 0, '', 0),
(3, 50465235, '2600421001', 'GUIDE SLEEVE', 5, 0, 0, '', 0, '', 0),
(3, 50465235, '2600500017', 'CUPPED WASHER', 5, 0, 0, '', 0, '', 0),
(3, 50465235, '2600905039', 'groove ball bearing', 2, 0, 0, '', 0, '', 0),
(3, 50465235, '2601015050', 'SEAL', 5, 0, 0, '', 0, '', 0),
(3, 50465235, '2601015901', 'Sealing Plate', 5, 0, 0, '', 0, '', 0),
(3, 50465235, '2601072901', 'ECCENTRIC DISC', 5, 0, 0, '', 0, '', 0),
(3, 50465235, '2601098003', 'COUNTERWEIGHT', 5, 0, 0, '', 0, '', 0),
(3, 50465235, '2601320018', 'RETAINING BRACKET', 5, 0, 0, '', 0, '', 0),
(3, 50465235, '2601321908', 'ROLLER LEVER', 2, 0, 0, '', 0, '', 0),
(3, 50465235, '2601328002', 'COVER DISC', 5, 0, 0, '', 0, '', 0),
(3, 50465235, '2601923004', 'FORK LEVER', 10, 0, 0, '', 0, '', 0),
(3, 50465235, '2602026908', 'CAP-HANDLE', 2, 0, 0, '', 0, '', 0),
(3, 50465235, '2602305014', 'LIFTING ROD', 1, 0, 0, '', 0, '', 0),
(3, 50465235, '2602305016', 'LIFTING ROD', 1, 0, 0, '', 0, '', 0),
(3, 50465235, '2602305042', 'AIR ELIMINATOR', 5, 0, 0, '', 0, '', 0),
(3, 50465235, '2603320001', 'SQUARE NUT', 10, 0, 0, '', 0, '', 0),
(3, 50465235, '2603341007', 'ROUND NUT', 2, 0, 0, '', 0, '', 0),
(3, 50465235, '2603410049', 'Thread-forming tap. Screw', 5, 0, 0, '', 0, '', 0),
(3, 50465235, '2603421040', 'COUNTERSUNK-HEAD SCREW', 5, 0, 0, '', 0, '', 0),
(3, 50465235, '2603435015', 'RECESSED-HEAD SCREW', 5, 0, 0, '', 0, '', 0),
(3, 50465235, '2603502015', 'Stud', 2, 0, 0, '', 0, '', 0),
(3, 50465235, '2604010578', 'Armature', 4, 0, 0, '', 0, '', 0),
(3, 50465235, '2604011028', 'Armature 220-240V (GEX 150 AC)', 5, 0, 0, '', 0, '', 0),
(3, 50465235, '2604011110', 'Armature', 2, 0, 0, '', 0, '', 0),
(3, 50465235, '2604011394', 'Armature', 3, 0, 0, '', 0, '', 0),
(3, 50465235, '2604220502', 'FIELD', 3, 0, 0, '', 0, '', 0),
(3, 50465235, '2604220529', 'FIELD', 3, 0, 0, '', 0, '', 0),
(3, 50465235, '2604220718', 'FIELD', 25, 0, 0, '', 0, '', 0),
(3, 50465235, '2604320912', 'Carbon-Brush Set', 30, 0, 0, '', 0, '', 0),
(3, 50465235, '2604321904', 'Carbon-Brush Set', 10, 0, 0, '', 0, '', 0),
(3, 50465235, '2604610140', 'COMPRESSION SPRING', 2, 0, 0, '', 0, '', 0),
(3, 50465235, '2604617004', 'COMPRESSION SPRING', 2, 0, 0, '', 0, '', 0),
(3, 50465235, '2604690056', 'Torsion Spring', 2, 0, 0, '', 0, '', 0),
(3, 50465235, '2604736001', 'TOOTHED BELT', 2, 0, 0, '', 0, '', 0),
(3, 50465235, '2604736002', 'TOOTHED BELT', 2, 0, 0, '', 0, '', 0),
(3, 50465235, '2604736004', 'TOOTHED BELT', 2, 0, 0, '', 0, '', 0),
(3, 50465235, '2605104410', 'Housing Section', 1, 0, 0, '', 0, '', 0),
(3, 50465235, '2605105105', 'Housing Section', 3, 0, 0, '', 0, '', 0),
(3, 50465235, '2605500056', 'Gear Cover', 1, 0, 0, '', 0, '', 0),
(3, 50465235, '2605500905', 'Gear Cover', 1, 0, 0, '', 0, '', 0),
(3, 50465235, '2605806082', 'GEAR HOUSING', 1, 0, 0, '', 0, '', 0),
(3, 50465235, '2606317086', 'Cylindrical Gear', 2, 0, 0, '', 0, '', 0),
(3, 50465235, '2606317098', 'Cylindrical Gear', 2, 0, 0, '', 0, '', 0),
(3, 50465235, '2606491011', 'RATCHET', 5, 0, 0, '', 0, '', 0),
(3, 50465235, '2606491014', 'COUPLING HALF', 5, 0, 0, '', 0, '', 0),
(3, 50465235, '2606491917', 'Modification Set 100-240V', 2, 0, 0, '', 0, '', 0),
(3, 50465235, '2607001130', 'NEEDLE-ROLLER CAGE', 10, 0, 0, '', 0, '', 0),
(3, 50465235, '2607200463', 'ON-OFF SWITCH', 1, 0, 0, '', 0, '', 0),
(3, 50465235, '2607200664', 'Switch', 2, 0, 0, '', 0, '', 0),
(3, 50465235, '2607202071', 'ON-OFF SWITCH', 1, 0, 0, '', 0, '', 0),
(3, 50465235, '2607202329', 'Electronics Module', 1, 0, 0, '', 0, '', 0),
(3, 50465235, '2607230119', 'Speed governor', 5, 0, 0, '', 0, '', 0),
(3, 50465235, '2607329129', 'Suppression Filter', 5, 0, 0, '', 0, '', 0),
(3, 50465235, '2609005840', 'Armature assembly', 1, 0, 0, '', 0, '', 0),
(3, 50465235, '2609100203', 'Brush-Cover', 2, 0, 0, '', 0, '', 0),
(3, 50465235, '2609100395', 'Housing', 1, 0, 0, '', 0, '', 0),
(3, 50465235, '2609100403', 'FOAM PANEL', 2, 0, 0, '', 0, '', 0),
(3, 50465235, '2609100539', 'Housing', 1, 0, 0, '', 0, '', 0),
(3, 50465235, '2609100580', 'LEVER', 5, 0, 0, '', 0, '', 0),
(3, 50465235, '2609110149', 'BEVEL GEAR', 50, 0, 0, '', 0, '', 0),
(3, 50465235, '2609110150', 'CROWN GEAR', 50, 0, 0, '', 0, '', 0),
(3, 50465235, '2609111930', 'Chuck', 20, 0, 0, '', 0, '', 0),
(3, 50465235, '2609120168', 'Armature', 2, 0, 0, '', 0, '', 0),
(3, 50465235, '2609120169', 'Stator', 1, 0, 0, '', 0, '', 0),
(3, 50465235, '2609120317', 'BRUSH PLATE', 10, 0, 0, '', 0, '', 0),
(3, 50465235, '2609160123', 'DRILLING SPINDLE GSB 13 RE', 3, 0, 0, '', 0, '', 0),
(3, 50465235, '2609160127', 'CHANGE-OVER SWITCH', 4, 0, 0, '', 0, '', 0),
(3, 50465235, '2609199169', 'Carbon-Brush Set', 10, 0, 0, '', 0, '', 0),
(3, 50465235, '2609199258', 'DC MOTOR', 1, 0, 0, '', 0, '', 0),
(3, 50465235, '2609199667', 'Armature set', 1, 0, 0, '', 0, '', 0),
(3, 50465235, '2610035221', 'Housing', 1, 0, 0, '', 0, '', 0),
(3, 50465235, '2910021118', 'SOCKET HEAD SCREW', 4, 0, 0, '', 0, '', 0),
(3, 50465235, '2910141197', 'HEX SOCKET HEAD CAP SCREW', 10, 0, 0, '', 0, '', 0),
(3, 50465235, '2910211283', 'SELF-TAPPING SCREW', 4, 0, 0, '', 0, '', 0),
(3, 50465235, '2914201483', 'Torx Oval-Head Screw', 10, 0, 0, '', 0, '', 0),
(3, 50465235, '2914201508', 'Torx Oval-Head Screw', 4, 0, 0, '', 0, '', 0),
(3, 50465235, '2916690002', 'SPRING LOCK WASHER', 2, 0, 0, '', 0, '', 0),
(3, 50465235, '2916690003', 'SPRING LOCK WASHER', 2, 0, 0, '', 0, '', 0),
(3, 50465235, '3603345016', 'ROUND NUT', 3, 0, 0, '', 0, '', 0),
(3, 50465235, '3604010091', 'Armature 230V GBM 32-4', 10, 0, 0, '', 0, '', 0),
(3, 50465235, '3607014012', 'Carbon-Brush Set', 5, 0, 0, '', 0, '', 0),
(3, 50465235, '3607031913', 'drive electronics        30-300', 2, 0, 0, '', 0, '', 0),
(3, 50465235, '3607031917', 'drive electronics        50-210', 2, 0, 0, '', 0, '', 0),
(3, 50465235, '3609202921', 'Retaining ring', 2, 0, 0, '', 0, '', 0),
(3, 50465235, '3613344500', 'OIL RETURN RING', 2, 0, 0, '', 0, '', 0),
(3, 50465235, '9618088985', 'Carbon-Brush Set', 5, 0, 0, '', 0, '', 0),
(3, 50465235, 'F016F04329', 'Pump head', 1, 0, 0, '', 0, '', 0),
(3, 50465235, 'F016F04440', 'Pump unit', 10, 0, 0, '', 0, '', 0),
(3, 50465235, 'F016F04796', 'Trigger', 10, 0, 0, '', 0, '', 0),
(3, 50465235, 'F016F04801', 'Pump head', 3, 0, 0, '', 0, '', 0),
(3, 50465235, 'F016F05013', 'High-Pressure Hose', 10, 0, 0, '', 0, '', 0),
(3, 50465235, 'F016F05052', 'Water filter', 30, 0, 0, '', 0, '', 0),
(3, 50465235, 'F016F05053', '3-in-1-nozzle', 2, 0, 0, '', 0, '', 0),
(3, 50465235, 'F016F05054', 'Fixed fan jet nozzle', 2, 0, 0, '', 0, '', 0),
(3, 50465235, 'F016F05280', 'Trigger Handle', 15, 0, 0, '', 0, '', 0),
(3, 50465235, 'F016F05281', 'Lance', 5, 0, 0, '', 0, '', 0),
(3, 50465235, 'F016F05362', 'Nozzle', 5, 0, 0, '', 0, '', 0),
(3, 50465235, 'F016L72014', 'O-RING', 1, 0, 0, '', 0, '', 0),
(3, 50465235, 'F016L72017', 'Spring', 1, 0, 0, '', 0, '', 0),
(3, 50465235, 'F016L72021', 'Valve', 1, 0, 0, '', 0, '', 0),
(3, 50465235, 'F016L72022', 'O-RING', 2, 0, 0, '', 0, '', 0),
(3, 50465235, 'F016L72028', 'Nipple', 2, 0, 0, '', 0, '', 0),
(3, 50465235, 'F016L72034', 'Spacer Ring', 1, 0, 0, '', 0, '', 0),
(3, 50465235, 'F016L72036', 'Piston Guide', 1, 0, 0, '', 0, '', 0),
(3, 50465235, 'F016L72072', 'Spring', 2, 0, 0, '', 0, '', 0),
(3, 50465235, 'F016L72073', 'BALL', 2, 0, 0, '', 0, '', 0),
(3, 50465235, 'F016L72074', 'O-RING', 2, 0, 0, '', 0, '', 0),
(3, 50465235, 'F016L72090', 'Condenser', 1, 0, 0, '', 0, '', 0),
(3, 50465235, 'F016L72201', 'Screw', 1, 0, 0, '', 0, '', 0),
(3, 50465235, 'F016L72245', 'Screw', 1, 0, 0, '', 0, '', 0),
(3, 50465235, 'F016L72256', 'Switch', 1, 0, 0, '', 0, '', 0),
(3, 50465235, 'F016L72259', 'Switch', 1, 0, 0, '', 0, '', 0),
(3, 0, '', '', 3, 0, 0, '', 0, '', 0),
(4, 50465235, '1600200029', 'Plain bearing', 3, 3, 0, '', 3, '', 1),
(4, 50465235, '1600A000VY', 'Air Hose', 1, 0, 0, '', 0, '', 0),
(4, 50465235, '1600A003G4', 'BRUSH HOLDER', 5, 2, 3, '', 5, '', 1),
(4, 50465235, '1600A004BS', 'Electronic Assembly', 1, 0, 0, '', 0, '', 0),
(4, 50465235, '1600A008RV', 'Flange', 10, 0, 0, '', 0, '', 0),
(4, 50465235, '1600A00F8P', 'Gear Box', 2, 0, 0, '', 0, '', 0),
(4, 50465235, '1600A00FG7', 'Electronics Module', 1, 0, 0, '', 0, '', 0),
(4, 50465235, '1600A00HR1', 'Fast Charger 230V GSR 120 LI', 5, 0, 0, '', 0, '', 0),
(4, 50465235, '1600A00N61', 'Gear Box', 1, 0, 0, '', 0, '', 0),
(4, 50465235, '1600A011KB', 'BRUSH HOLDER', 10, 0, 0, '', 0, '', 0),
(4, 50465235, '1600A014FM', 'Shift-Lever Knob', 5, 0, 0, '', 0, '', 0),
(4, 50465235, '1600A014L1', 'Bracket', 30, 0, 0, '', 0, '', 0),
(4, 50465235, '1600A014L3', 'Baseplate', 35, 0, 0, '', 0, '', 0),
(4, 50465235, '1600A014L4', 'Pad', 10, 0, 0, '', 0, '', 0),
(4, 50465235, '1600A014UK', 'Nut', 10, 0, 0, '', 0, '', 0),
(4, 50465235, '160202508X', 'AUXILIARY HANDLE', 2, 0, 0, '', 0, '', 0),
(4, 50465235, '1602026057', 'SWITCH HANDLE', 20, 0, 0, '', 0, '', 0),
(4, 50465235, '1602026068', 'SWITCH HANDLE', 15, 0, 0, '', 0, '', 0),
(4, 50465235, '160343005U', 'CREW', 20, 0, 0, '', 0, '', 0),
(4, 50465235, '1603435078', 'Torx Oval-Head Screw', 10, 0, 0, '', 0, '', 0),
(4, 50465235, '1603523111', 'GRINDING SPINDLE', 5, 0, 0, '', 0, '', 0),
(4, 50465235, '1604010626', 'Armature', 50, 0, 0, '', 0, '', 0),
(4, 50465235, '1604010633', 'Armature With Fan', 1, 0, 0, '', 0, '', 0),
(4, 50465235, '1604010A22', 'Armature With Fan 220-240V GWS 14-125 CI', 3, 0, 0, '', 0, '', 0),
(4, 50465235, '1604010B6R', 'Armature', 3, 0, 0, '', 0, '', 0),
(4, 50465235, '1604010B9J', 'Armature-GKS 140', 25, 0, 0, '', 0, '', 0),
(4, 50465235, '1604010BC1', 'Armature', 1, 0, 0, '', 0, '', 0),
(4, 50465235, '1604010BK6', 'Armature', 10, 0, 0, '', 0, '', 0),
(4, 50465235, '1604011252', 'Armature', 5, 0, 0, '', 0, '', 0),
(4, 50465235, '1604220328', 'FIELD', 20, 0, 0, '', 0, '', 0),
(4, 50465235, '1604220380', 'FIELD', 5, 0, 0, '', 0, '', 0),
(4, 50465235, '1604220455', 'FIELD', 2, 0, 0, '', 0, '', 0),
(4, 50465235, '1604220457', 'FIELD', 10, 0, 0, '', 0, '', 0),
(4, 50465235, '1604220470', 'FIELD', 3, 0, 0, '', 0, '', 0),
(4, 50465235, '160422052J', 'FIELD', 3, 0, 0, '', 0, '', 0),
(4, 50465235, '1604336021', 'BRUSH HOLDER', 30, 0, 0, '', 0, '', 0),
(4, 50465235, '1604652006', 'Spiral Spring', 10, 0, 0, '', 0, '', 0),
(4, 50465235, '160465202M', 'Spiral Spring', 5, 0, 0, '', 0, '', 0),
(4, 50465235, '1605108190', 'Motor Housing', 1, 0, 0, '', 0, '', 0),
(4, 50465235, '1605500278', 'Housing Cover', 1, 0, 0, '', 0, '', 0),
(4, 50465235, '1605805090', 'Bearing Flange BLACK GWS 8-100 C', 3, 0, 0, '', 0, '', 0),
(4, 50465235, '1605806466', 'GEAR HOUSING', 5, 0, 0, '', 0, '', 0),
(4, 50465235, '16058065SB', 'GEAR HOUSING(GWS 14-125 CI)', 1, 0, 0, '', 0, '', 0),
(4, 50465235, '1607000298', 'PUSH-BUTTON', 10, 0, 0, '', 0, '', 0),
(4, 50465235, '1607000967', 'ON-OFF SWITCH', 1, 0, 0, '', 0, '', 0),
(4, 50465235, '1607000971', 'Switch', 1, 0, 0, '', 0, '', 0),
(4, 50465235, '1607000C3M', 'HAMMER PISTON', 10, 9, 1, '', 10, '', 1),
(4, 50465235, '1607000C3M', 'HAMMER PISTON', 0, 9, 1, '', 10, '', 1),
(4, 50465235, '1607000C3P', 'CONNECTING ROD', 5, 0, 0, '', 0, '', 0),
(4, 50465235, '1607000C5K', 'Motor Spare Parts Set', 5, 0, 0, '', 0, '', 0),
(4, 50465235, '1607000CZ1', 'Carbon Brush Set GSR 180LI', 100, 0, 0, '', 0, '', 0),
(4, 50465235, '1607000D0D', 'Printed Circuit Board', 5, 0, 0, '', 0, '', 0),
(4, 50465235, '1607000D1V', 'Motor', 15, 0, 0, '', 0, '', 0),
(4, 50465235, '1607014145', '\"CARBON-BRUSH SET-4\"\" AG\"', 500, 0, 0, '', 0, '', 0),
(4, 50465235, '160701417J', 'Carbon-Brush Set', 20, 0, 0, '', 0, '', 0),
(4, 50465235, '160701418R', 'Carbon-Brush Set', 50, 0, 0, '', 0, '', 0),
(4, 50465235, '1607200150', 'Switch', 1, 0, 0, '', 0, '', 0),
(4, 50465235, '1607200179', 'ON-OFF SWITCH', 25, 0, 0, '', 0, '', 0),
(4, 50465235, '1607200270', 'Switch', 5, 0, 0, '', 0, '', 0),
(4, 50465235, '160720031V', 'Switch', 20, 0, 0, '', 0, '', 0),
(4, 50465235, '160720031Y', 'Switch', 20, 0, 0, '', 0, '', 0),
(4, 50465235, '1607200326', 'Switch', 20, 0, 0, '', 0, '', 0),
(4, 50465235, '160720035P', 'Switch', 5, 0, 0, '', 0, '', 0),
(4, 50465235, '1607200372', 'Switch', 5, 0, 0, '', 0, '', 0),
(4, 50465235, '1607233196', 'Speed governor', 2, 0, 0, '', 0, '', 0),
(4, 50465235, '1607233291', 'Speed governor', 2, 0, 0, '', 0, '', 0),
(4, 50465235, '160723358M', 'Speed governor', 5, 0, 0, '', 0, '', 0),
(4, 50465235, '16072335CV', 'Speed governor', 20, 0, 0, '', 0, '', 0),
(4, 50465235, '1607328059', 'Suppression Filter', 5, 0, 0, '', 0, '', 0),
(4, 50465235, '1609201215', 'TOOTHED BELT', 3, 0, 0, '', 0, '', 0),
(4, 50465235, '1609B04462', 'Mitre Fence', 1, 0, 0, '', 0, '', 0),
(4, 50465235, '1610021006', 'Shift Plate', 10, 0, 0, '', 0, '', 0),
(4, 50465235, '1610102029', 'SUPPORTING DISC', 5, 0, 0, '', 0, '', 0),
(4, 50465235, '1610119010', 'Spring Retaining ring GSH 11 E', 5, 0, 0, '', 0, '', 0),
(4, 50465235, '1610210070', 'O-RING', 5, 0, 0, '', 0, '', 0),
(4, 50465235, '1610210091', 'O-RING', 5, 0, 0, '', 0, '', 0),
(4, 50465235, '1610210122', 'O-RING', 20, 0, 0, '', 0, '', 0),
(4, 50465235, '1610210144', 'O-RING (22,0x3,0 MM)', 10, 0, 0, '', 0, '', 0),
(4, 50465235, '1610210199', 'O-RING', 2, 0, 0, '', 0, '', 0),
(4, 50465235, '1610290028', 'ROTARY SHAFT LIP SEAL', 10, 0, 0, '', 0, '', 0),
(4, 50465235, '1610290065', 'SEALING RING', 5, 0, 0, '', 0, '', 0),
(4, 50465235, '1610290066', 'ROTARY SHAFT LIP SEAL', 3, 0, 0, '', 0, '', 0),
(4, 50465235, '1610290076', 'Indexing Disk', 5, 0, 0, '', 0, '', 0),
(4, 50465235, '1610290112', 'Rotary shaft lip sea', 3, 0, 0, '', 0, '', 0),
(4, 50465235, '1610300063', 'Bushing', 2, 0, 0, '', 0, '', 0),
(4, 50465235, '1610300064', 'GEAR SLEEVE', 1, 0, 0, '', 0, '', 0),
(4, 50465235, '1610314004', 'SEALING SLEEVE', 1, 0, 0, '', 0, '', 0),
(4, 50465235, '1610314006', 'SEALING SLEEVE', 2, 0, 0, '', 0, '', 0),
(4, 50465235, '1610499023', 'PROTECTION SLEEVE', 10, 0, 0, '', 0, '', 0),
(4, 50465235, '1610500023', 'Retaining snap ring', 2, 0, 0, '', 0, '', 0),
(4, 50465235, '1610508052', 'PROTECTIVE CAP', 10, 0, 0, '', 0, '', 0),
(4, 50465235, '1610521011', 'STOP SLEEVE', 3, 0, 0, '', 0, '', 0),
(4, 50465235, '1610591014', 'PROTECTION SLEEVE', 3, 0, 0, '', 0, '', 0),
(4, 50465235, '1610591051', 'PROTECTION SLEEVE', 2, 0, 0, '', 0, '', 0),
(4, 50465235, '1611006008', 'Holding Plate GSH 16-30', 2, 0, 0, '', 0, '', 0),
(4, 50465235, '1611016003', 'HOLDING PLATE', 30, 0, 0, '', 0, '', 0),
(4, 50465235, '1611329024', 'SWITCH CONTACT', 50, 0, 0, '', 0, '', 0),
(4, 50465235, '1612001033', 'CONNECTING ROD', 5, 0, 0, '', 0, '', 0),
(4, 50465235, '1612001034', 'CONNECTING ROD', 1, 0, 0, '', 0, '', 0),
(4, 50465235, '1612025055', 'AUXILIARY HANDLE', 1, 0, 0, '', 0, '', 0),
(4, 50465235, '1612026048', 'Shift Plate', 20, 0, 0, '', 0, '', 0),
(4, 50465235, '1612026049', 'CONTROL LEVER', 20, 0, 0, '', 0, '', 0),
(4, 50465235, '1612210118', 'ECCENTRIC', 1, 0, 0, '', 0, '', 0),
(4, 50465235, '1613103004', 'Locking Bolt', 1, 0, 0, '', 0, '', 0),
(4, 50465235, '1613124081', 'STRIKER PIN', 6, 0, 0, '', 0, '', 0),
(4, 50465235, '1613200020', 'Cylindrical Roller', 6, 0, 0, '', 0, '', 0),
(4, 50465235, '1613300007', 'HEX NUT', 2, 0, 0, '', 0, '', 0),
(4, 50465235, '1613349020', 'HEXAGON NUT-GSH 16-30', 2, 0, 0, '', 0, '', 0),
(4, 50465235, '1613435016', 'Torx Oval-Head Screw', 10, 0, 0, '', 0, '', 0),
(4, 50465235, '1613435037', 'Thread-forming tap. Screw', 10, 0, 0, '', 0, '', 0),
(4, 50465235, '1614010262', 'Armature', 1, 0, 0, '', 0, '', 0),
(4, 50465235, '1614010705', 'Armature With Fan', 1, 0, 0, '', 0, '', 0),
(4, 50465235, '1614010709', 'Armature', 20, 0, 0, '', 0, '', 0),
(4, 50465235, '1614010711', 'Armature', 20, 0, 0, '', 0, '', 0),
(4, 50465235, '1614011117', 'Armature', 5, 0, 0, '', 0, '', 0),
(4, 50465235, '1614220208', 'FIELD', 2, 0, 0, '', 0, '', 0),
(4, 50465235, '1614336086', 'BRUSH PLATE', 2, 0, 0, '', 0, '', 0),
(4, 50465235, '1614449014', 'CONNECTING CABLE', 5, 0, 0, '', 0, '', 0),
(4, 50465235, '1614449015', 'CONNECTING CABLE', 5, 0, 0, '', 0, '', 0),
(4, 50465235, '1614449021', 'CONNECTING CABLE', 5, 0, 0, '', 0, '', 0),
(4, 50465235, '1614465011', 'SUPPRESSOR BOX', 10, 0, 0, '', 0, '', 0),
(4, 50465235, '1614601060', 'SNAP RING', 2, 0, 0, '', 0, '', 0),
(4, 50465235, '1614611023', 'COMPRESSION SPRING', 2, 0, 0, '', 0, '', 0),
(4, 50465235, '1614621010', 'COMPRESSION SPRING', 2, 0, 0, '', 0, '', 0),
(4, 50465235, '1615108091', 'Motor Housing', 1, 0, 0, '', 0, '', 0),
(4, 50465235, '1615108150', 'Motor Housing', 1, 0, 0, '', 0, '', 0),
(4, 50465235, '1615806187', 'BEARING BRACKET', 5, 0, 0, '', 0, '', 0),
(4, 50465235, '1615808106', 'Bearing Holder', 1, 0, 0, '', 0, '', 0),
(4, 50465235, '1616317061', 'ECCENTRIC COG WHEEL', 1, 0, 0, '', 0, '', 0),
(4, 50465235, '1616325002', 'SWITCHING PANEL', 1, 0, 0, '', 0, '', 0),
(4, 50465235, '1616333038', 'CROWN GEAR', 1, 0, 0, '', 0, '', 0),
(4, 50465235, '1616490060', 'RATCHET SLEEVE', 1, 0, 0, '', 0, '', 0),
(4, 50465235, '1616B00086', 'O-RING', 20, 0, 0, '', 0, '', 0),
(4, 50465235, '1616B10269', 'FIELD', 5, 0, 0, '', 0, '', 0),
(4, 50465235, '1616B10337', 'SWITCH CONTACT', 10, 0, 0, '', 0, '', 0),
(4, 50465235, '1617000224', 'Wear and Tear Part Set', 1, 0, 0, '', 0, '', 0),
(4, 50465235, '1617000327', 'QUICK-CHANGE COLLET CHUCK', 1, 0, 0, '', 0, '', 0),
(4, 50465235, '1617000406', 'ROLLER SET', 6, 0, 0, '', 0, '', 0),
(4, 50465235, '1617000524', 'Armature With Fan', 2, 0, 0, '', 0, '', 0),
(4, 50465235, '1617000534', 'HAMMER PISTON', 2, 0, 0, '', 0, '', 0),
(4, 50465235, '1617000536', 'Motor Housing', 1, 0, 0, '', 0, '', 0),
(4, 50465235, '1617000557', 'HAMMER PISTON', 10, 0, 0, '', 0, '', 0),
(4, 50465235, '1617000579', 'TOOTHED SHAFT', 20, 0, 0, '', 0, '', 0),
(4, 50465235, '1617000598', 'TOOL HOLDING FIXTURE', 20, 0, 0, '', 0, '', 0),
(4, 50465232, '1617000693', 'TOOL HOLDING FIXTURE', 3, 0, 0, '', 0, '', 0),
(4, 50465235, '16170006A5', 'HAMMER PISTON', 3, 0, 0, '', 0, '', 0),
(4, 50465235, '16170006BS', 'Motor Housing', 1, 0, 0, '', 0, '', 0),
(4, 50465235, '16170006D3', 'PROTECTION SLEEVE', 20, 0, 0, '', 0, '', 0),
(4, 50465235, '1617014144', 'CARBON-BRUSH SET GBH 5-40 DCE', 20, 0, 0, '', 0, '', 0),
(4, 50465235, '1617200077', 'Switch', 1, 0, 0, '', 0, '', 0),
(4, 50465235, '1617200515', 'Switch', 5, 0, 0, '', 0, '', 0),
(4, 50465235, '1617200542', 'Switch', 5, 0, 0, '', 0, '', 0),
(4, 50465235, '1617328025', 'Suppression Filter', 5, 0, 0, '', 0, '', 0),
(4, 50465235, '1617328032', 'SUPPRESSOR BOX', 20, 0, 0, '', 0, '', 0),
(4, 50465235, '1618598175', 'QUICK-CHANGE COLLET CHUCK', 1, 0, 0, '', 0, '', 0),
(4, 50465235, '1618700064', 'HAMMER PISTON', 10, 0, 0, '', 0, '', 0),
(4, 50465235, '1618700075', 'HAMMER PISTON', 2, 0, 0, '', 0, '', 0),
(4, 50465235, '1618700083', 'HAMMER PISTON', 5, 0, 0, '', 0, '', 0),
(4, 50465235, '1619P00349', 'Armature set', 15, 0, 0, '', 0, '', 0),
(4, 50465235, '1619P00443', 'LOCKING WASHER', 10, 0, 0, '', 0, '', 0),
(4, 50465235, '1619P00446', 'Shim', 10, 0, 0, '', 0, '', 0),
(4, 50465235, '1619P00455', 'DEEP-GROOVE BALL BEARING', 100, 0, 0, '', 0, '', 0),
(4, 50465235, '1619P00456', 'BALL BEARING', 100, 0, 0, '', 0, '', 0),
(4, 50465235, '1619P01632', 'Extension Spring', 2, 0, 0, '', 0, '', 0),
(4, 50465235, '1619P01769', 'HOUSING SET', 2, 0, 0, '', 0, '', 0),
(4, 50465235, '1619P01771', 'Armature', 5, 0, 0, '', 0, '', 0),
(4, 50465235, '1619P01773', 'HAMMER PIPE', 5, 0, 0, '', 0, '', 0),
(4, 50465235, '1619P01776', 'CONNECTING CABLE', 5, 0, 0, '', 0, '', 0),
(4, 50465235, '1619P01814', 'Gear Housing GREEN', 5, 0, 0, '', 0, '', 0),
(4, 50465235, '1619P01844', 'Armature', 100, 0, 0, '', 0, '', 0),
(4, 50465235, '1619P02428', 'FIELD', 10, 0, 0, '', 0, '', 0),
(4, 50465235, '1619P02581', 'ECCENTRIC COG WHEEL', 10, 0, 0, '', 0, '', 0),
(4, 50465235, '1619P02708', 'BEARING FLANGE', 30, 0, 0, '', 0, '', 0),
(4, 50465235, '1619P02762', 'SWITCH BUTTON', 30, 0, 0, '', 0, '', 0),
(4, 50465235, '1619P02811', 'ADJUSTING SLIDE', 10, 0, 0, '', 0, '', 0),
(4, 50465235, '1619P02819', 'AIR DISTRIBUTOR', 5, 0, 0, '', 0, '', 0),
(4, 50465235, '1619P02843', 'COVER', 2, 0, 0, '', 0, '', 0),
(4, 50465235, '1619P03482', 'BOLT', 5, 0, 0, '', 0, '', 0),
(4, 50465235, '1619P03748', 'Locking Pin', 1, 0, 0, '', 0, '', 0),
(4, 50465235, '1619P03752', 'SPRING PIN', 1, 0, 0, '', 0, '', 0),
(4, 50465235, '1619P03825', 'Screw and washer assembly', 2, 0, 0, '', 0, '', 0),
(4, 50465235, '1619P06211', 'Round-Head Bolt', 2, 0, 0, '', 0, '', 0),
(4, 50465235, '1619P06334', 'Extension Spring', 1, 0, 0, '', 0, '', 0),
(4, 50465235, '1619P06345', 'Armature set', 5, 0, 0, '', 0, '', 0),
(4, 50465235, '1619P06451', 'Clamping Saddle', 10, 0, 0, '', 0, '', 0),
(4, 50465235, '1619P07647', 'Suppression Filter', 5, 0, 0, '', 0, '', 0),
(4, 50465235, '1619P08759', 'COMPRESSION SPRING', 4, 0, 0, '', 0, '', 0),
(4, 50465235, '1619P08772', 'Striker', 2, 0, 0, '', 0, '', 0),
(4, 50465235, '1619P09115', 'Armature With Fan', 2, 0, 0, '', 0, '', 0),
(4, 50465235, '1619P09620', 'GEAR HOUSING', 1, 0, 0, '', 0, '', 0),
(4, 50465235, '1619P09707', 'STRIKER PIN', 2, 0, 0, '', 0, '', 0),
(4, 50465235, '1619P09971', 'Switch', 4, 0, 0, '', 0, '', 0),
(4, 50465235, '1619P10062', 'Armature set', 5, 0, 0, '', 0, '', 0),
(4, 50465235, '1619P10769', 'Armature', 4, 0, 0, '', 0, '', 0),
(4, 50465235, '1619P10838', 'SWITCH BUTTON', 20, 0, 0, '', 0, '', 0),
(4, 50465235, '1619P10952', 'Armature', 75, 0, 0, '', 0, '', 0),
(4, 50465235, '1619P10953', 'FIELD', 50, 0, 0, '', 0, '', 0),
(4, 50465235, '1619P10958', 'Motor Housing', 5, 0, 0, '', 0, '', 0),
(4, 50465235, '1619P10959', 'Motor Housing', 5, 0, 0, '', 0, '', 0),
(4, 50465235, '1619P10968', 'Adjusting Slide-GWS 750', 20, 0, 0, '', 0, '', 0),
(4, 50465235, '1619P10969', 'Switch Button-GWS 750', 25, 0, 0, '', 0, '', 0),
(4, 50465235, '1619P11715', 'Carbon-Brush Set', 400, 0, 0, '', 0, '', 0),
(4, 50465235, '1619P11998', 'FIELD', 5, 0, 0, '', 0, '', 0),
(4, 50465235, '1619P12022', 'Bevel Gear Set', 1, 0, 0, '', 0, '', 0),
(4, 50465235, '1619P12188', 'Push Button', 15, 0, 0, '', 0, '', 0),
(4, 50465235, '1619P12188', 'Push Button', 0, 0, 0, '', 0, '', 0),
(4, 50465235, '1619P12192', 'Air-Deflector Ring', 2, 0, 0, '', 0, '', 0),
(4, 50465235, '1619P12589', 'LIFTING ROD', 2, 0, 0, '', 0, '', 0),
(4, 50465235, '1619P12765', 'LIFTING ROD', 10, 0, 0, '', 0, '', 0),
(4, 50465235, '1619P13450', 'Armature', 5, 0, 0, '', 0, '', 0),
(4, 50465235, '1619P13451', 'Intermediate Flange', 2, 0, 0, '', 0, '', 0),
(4, 50465235, '1619P13456', 'TOOTHED SHAFT', 5, 0, 0, '', 0, '', 0),
(4, 50465235, '1619P13461', 'SUPPORTING DISC', 5, 0, 0, '', 0, '', 0),
(4, 50465235, '1619P13541', 'SWITCH BUTTON', 20, 0, 0, '', 0, '', 0),
(4, 50465235, '1619P13558', 'Housing Cover', 1, 0, 0, '', 0, '', 0),
(4, 50465235, '1619P14031', 'Dust Cap-GSH 500', 2, 0, 0, '', 0, '', 0),
(4, 50465235, '1619P14877', 'FIELD', 2, 0, 0, '', 0, '', 0),
(4, 50465235, '1619P15000', 'FIELD', 10, 0, 0, '', 0, '', 0),
(4, 50465235, '1619P15334', 'Motor Housing', 1, 0, 0, '', 0, '', 0),
(4, 50465235, '1619P15405', 'Bevel Gear Set', 1, 0, 0, '', 0, '', 0),
(4, 50465235, '1619P15749', 'Armature', 10, 0, 0, '', 0, '', 0),
(4, 50465235, '1619P16276', 'Armature', 5, 0, 0, '', 0, '', 0),
(4, 50465235, '1619P16280', 'HAMMER PIPE', 2, 0, 0, '', 0, '', 0),
(4, 50465235, '1619P16327', 'CONNECTING CABLE', 5, 0, 0, '', 0, '', 0),
(4, 50465235, '1619P20540', 'HAMMER PISTON', 5, 0, 0, '', 0, '', 0),
(4, 50465235, '1619PA0678', 'FIELD', 2, 0, 0, '', 0, '', 0),
(4, 50465235, '1619PA0701', 'CHANGE-OVER SWITCH', 2, 0, 0, '', 0, '', 0),
(4, 50465235, '1619PA3304', 'Chuck', 10, 0, 0, '', 0, '', 0),
(4, 50465235, '1619PA4613', 'BEARING BRACKET', 4, 0, 0, '', 0, '', 0),
(4, 50465235, '1619PA6703', 'Switch', 4, 0, 0, '', 0, '', 0),
(4, 50465235, '1619PA6835', 'FIELD', 10, 0, 0, '', 0, '', 0),
(4, 50465235, '1619PA6948', 'Torsion Spring', 2, 0, 0, '', 0, '', 0),
(4, 50465235, '1619PA6952', 'Special Screw', 2, 0, 0, '', 0, '', 0),
(4, 50465235, '1619PA6953', 'Bushing', 2, 0, 0, '', 0, '', 0),
(4, 50465235, '1619PA6957', 'Pan head screw', 2, 0, 0, '', 0, '', 0),
(4, 50465235, '1619PA6958', 'Special Screw', 2, 0, 0, '', 0, '', 0),
(4, 50465235, '1619PA6976', 'Bearing cover', 2, 0, 0, '', 0, '', 0),
(4, 50465235, '1619PA6983', 'Dust Separator', 1, 0, 0, '', 0, '', 0),
(4, 50465235, '1619PA6994', 'Pan head screw', 2, 0, 0, '', 0, '', 0),
(4, 50465235, '1619PA6996', 'shaft lock', 2, 0, 0, '', 0, '', 0),
(4, 50465235, '1619PA7004', 'COMPRESSION SPRING', 2, 0, 0, '', 0, '', 0),
(4, 50465235, '1619PA7005', 'Torsion Spring', 2, 0, 0, '', 0, '', 0),
(4, 50465235, '1619PA7006', 'Locking Lever', 2, 0, 0, '', 0, '', 0),
(4, 50465235, '1619PA7007', 'Special Screw', 2, 0, 0, '', 0, '', 0),
(4, 50465235, '1619PA7022', 'Parallel Key', 2, 0, 0, '', 0, '', 0),
(4, 50465235, '1619PA7023', 'Clamping Flange', 2, 0, 0, '', 0, '', 0),
(4, 50465235, '1619PA7029', 'Plain Washer', 2, 0, 0, '', 0, '', 0),
(4, 50465235, '1619PA7032', 'Spindle', 2, 0, 0, '', 0, '', 0),
(4, 50465235, '1619PA7056', 'Armature', 10, 0, 0, '', 0, '', 0),
(4, 50465235, '1619PA7058', 'Special Screw', 2, 0, 0, '', 0, '', 0),
(4, 50465235, '1619PA7310', 'Motor GAS 15', 1, 0, 0, '', 0, '', 0),
(4, 50465235, '1619PA7325', 'Suction Pipe', 1, 0, 0, '', 0, '', 0),
(4, 50465235, '1619PA7327', 'floor nozzle', 1, 0, 0, '', 0, '', 0),
(4, 50465235, '1619PA7329', 'DustBag', 1, 0, 0, '', 0, '', 0),
(4, 50465235, '1619PA7629', 'Armature', 1, 0, 0, '', 0, '', 0),
(4, 50465235, '1619PA7635', 'Carbon-Brush Set', 10, 0, 0, '', 0, '', 0),
(4, 50465235, '1619PA8370', 'Filterbag', 1, 0, 0, '', 0, '', 0),
(4, 50465235, '1619PB2368', 'Motor Housing', 2, 0, 0, '', 0, '', 0),
(4, 50465235, '1619PB2788', 'Motor', 10, 0, 0, '', 0, '', 0),
(4, 50465235, '1619PB3050', 'groove ball bearing', 5, 0, 0, '', 0, '', 0),
(4, 50465235, '1619PB3053', 'Bearing Sleeve', 5, 0, 0, '', 0, '', 0),
(4, 50465235, '1619PB4036', 'Gear-GKS 140', 5, 0, 0, '', 0, '', 0),
(4, 50465235, '1619PB4412', 'Armature', 15, 0, 0, '', 0, '', 0),
(4, 50465235, '1619PB4412', 'Armature', 0, 0, 0, '', 0, '', 0),
(4, 50465235, '1619PB4413', 'FIELD', 10, 0, 0, '', 0, '', 0),
(4, 50465235, '1619PB4414', 'Switch', 5, 0, 0, '', 0, '', 0),
(4, 50465235, '1619PB4749', 'CARBON BRUSH', 50, 0, 0, '', 0, '', 0),
(4, 50465235, '1619X01792', 'COMPRESSION SPRING', 2, 0, 0, '', 0, '', 0),
(4, 50465235, '1903230010', 'BALL', 5, 0, 0, '', 0, '', 0),
(4, 50465235, '2600100041', 'Plain Washer', 5, 0, 0, '', 0, '', 0),
(4, 50465235, '2600100569', 'Shim', 10, 0, 0, '', 0, '', 0),
(4, 50465235, '2600100577', 'Shim', 10, 0, 0, '', 0, '', 0),
(4, 50465235, '2600100586', 'Shim', 3, 0, 0, '', 0, '', 0),
(4, 50465235, '2600100611', 'Shim', 5, 0, 0, '', 0, '', 0),
(4, 50465235, '2600101612', 'Shim', 10, 0, 0, '', 0, '', 0),
(4, 50465235, '2600101617', 'Shim', 5, 0, 0, '', 0, '', 0),
(4, 50465235, '2600108026', 'Felt Washer', 3, 0, 0, '', 0, '', 0),
(4, 50465235, '2600150003', 'SPRING WASHER', 3, 0, 0, '', 0, '', 0),
(4, 50465235, '2600300005', 'ROLLER', 5, 0, 0, '', 0, '', 0),
(4, 50465235, '2600421001', 'GUIDE SLEEVE', 5, 0, 0, '', 0, '', 0),
(4, 50465235, '2600500017', 'CUPPED WASHER', 5, 0, 0, '', 0, '', 0),
(4, 50465235, '2600905039', 'groove ball bearing', 2, 0, 0, '', 0, '', 0),
(4, 50465235, '2601015050', 'SEAL', 5, 0, 0, '', 0, '', 0),
(4, 50465235, '2601015901', 'Sealing Plate', 5, 0, 0, '', 0, '', 0),
(4, 50465235, '2601072901', 'ECCENTRIC DISC', 5, 0, 0, '', 0, '', 0),
(4, 50465235, '2601098003', 'COUNTERWEIGHT', 5, 0, 0, '', 0, '', 0),
(4, 50465235, '2601320018', 'RETAINING BRACKET', 5, 0, 0, '', 0, '', 0),
(4, 50465235, '2601321908', 'ROLLER LEVER', 2, 0, 0, '', 0, '', 0),
(4, 50465235, '2601328002', 'COVER DISC', 5, 0, 0, '', 0, '', 0),
(4, 50465235, '2601923004', 'FORK LEVER', 10, 0, 0, '', 0, '', 0),
(4, 50465235, '2602026908', 'CAP-HANDLE', 2, 0, 0, '', 0, '', 0),
(4, 50465235, '2602305014', 'LIFTING ROD', 1, 0, 0, '', 0, '', 0),
(4, 50465235, '2602305016', 'LIFTING ROD', 1, 0, 0, '', 0, '', 0),
(4, 50465235, '2602305042', 'AIR ELIMINATOR', 5, 0, 0, '', 0, '', 0),
(4, 50465235, '2603320001', 'SQUARE NUT', 10, 0, 0, '', 0, '', 0),
(4, 50465235, '2603341007', 'ROUND NUT', 2, 0, 0, '', 0, '', 0),
(4, 50465235, '2603410049', 'Thread-forming tap. Screw', 5, 0, 0, '', 0, '', 0),
(4, 50465235, '2603421040', 'COUNTERSUNK-HEAD SCREW', 5, 0, 0, '', 0, '', 0),
(4, 50465235, '2603435015', 'RECESSED-HEAD SCREW', 5, 0, 0, '', 0, '', 0),
(4, 50465235, '2603502015', 'Stud', 2, 0, 0, '', 0, '', 0),
(4, 50465235, '2604010578', 'Armature', 4, 0, 0, '', 0, '', 0),
(4, 50465235, '2604011028', 'Armature 220-240V (GEX 150 AC)', 5, 0, 0, '', 0, '', 0),
(4, 50465235, '2604011110', 'Armature', 2, 0, 0, '', 0, '', 0),
(4, 50465235, '2604011394', 'Armature', 3, 0, 0, '', 0, '', 0),
(4, 50465235, '2604220502', 'FIELD', 3, 0, 0, '', 0, '', 0),
(4, 50465235, '2604220529', 'FIELD', 3, 0, 0, '', 0, '', 0),
(4, 50465235, '2604220718', 'FIELD', 25, 0, 0, '', 0, '', 0),
(4, 50465235, '2604320912', 'Carbon-Brush Set', 30, 0, 0, '', 0, '', 0),
(4, 50465235, '2604321904', 'Carbon-Brush Set', 10, 0, 0, '', 0, '', 0),
(4, 50465235, '2604610140', 'COMPRESSION SPRING', 2, 0, 0, '', 0, '', 0),
(4, 50465235, '2604617004', 'COMPRESSION SPRING', 2, 0, 0, '', 0, '', 0),
(4, 50465235, '2604690056', 'Torsion Spring', 2, 0, 0, '', 0, '', 0),
(4, 50465235, '2604736001', 'TOOTHED BELT', 2, 0, 0, '', 0, '', 0),
(4, 50465235, '2604736002', 'TOOTHED BELT', 2, 0, 0, '', 0, '', 0),
(4, 50465235, '2604736004', 'TOOTHED BELT', 2, 0, 0, '', 0, '', 0);
INSERT INTO `inbounddetails` (`inboundid`, `recno`, `skucode`, `name`, `expqty`, `ap`, `dm`, `tolot`, `phyqty`, `remark`, `confirm`) VALUES
(4, 50465235, '2605104410', 'Housing Section', 1, 0, 0, '', 0, '', 0),
(4, 50465235, '2605105105', 'Housing Section', 3, 0, 0, '', 0, '', 0),
(4, 50465235, '2605500056', 'Gear Cover', 1, 0, 0, '', 0, '', 0),
(4, 50465235, '2605500905', 'Gear Cover', 1, 0, 0, '', 0, '', 0),
(4, 50465235, '2605806082', 'GEAR HOUSING', 1, 0, 0, '', 0, '', 0),
(4, 50465235, '2606317086', 'Cylindrical Gear', 2, 0, 0, '', 0, '', 0),
(4, 50465235, '2606317098', 'Cylindrical Gear', 2, 0, 0, '', 0, '', 0),
(4, 50465235, '2606491011', 'RATCHET', 5, 0, 0, '', 0, '', 0),
(4, 50465235, '2606491014', 'COUPLING HALF', 5, 0, 0, '', 0, '', 0),
(4, 50465235, '2606491917', 'Modification Set 100-240V', 2, 0, 0, '', 0, '', 0),
(4, 50465235, '2607001130', 'NEEDLE-ROLLER CAGE', 10, 0, 0, '', 0, '', 0),
(4, 50465235, '2607200463', 'ON-OFF SWITCH', 1, 0, 0, '', 0, '', 0),
(4, 50465235, '2607200664', 'Switch', 2, 0, 0, '', 0, '', 0),
(4, 50465235, '2607202071', 'ON-OFF SWITCH', 1, 0, 0, '', 0, '', 0),
(4, 50465235, '2607202329', 'Electronics Module', 1, 0, 0, '', 0, '', 0),
(4, 50465235, '2607230119', 'Speed governor', 5, 0, 0, '', 0, '', 0),
(4, 50465235, '2607329129', 'Suppression Filter', 5, 0, 0, '', 0, '', 0),
(4, 50465235, '2609005840', 'Armature assembly', 1, 0, 0, '', 0, '', 0),
(4, 50465235, '2609100203', 'Brush-Cover', 2, 0, 0, '', 0, '', 0),
(4, 50465235, '2609100395', 'Housing', 1, 0, 0, '', 0, '', 0),
(4, 50465235, '2609100403', 'FOAM PANEL', 2, 0, 0, '', 0, '', 0),
(4, 50465235, '2609100539', 'Housing', 1, 0, 0, '', 0, '', 0),
(4, 50465235, '2609100580', 'LEVER', 5, 0, 0, '', 0, '', 0),
(4, 50465235, '2609110149', 'BEVEL GEAR', 50, 0, 0, '', 0, '', 0),
(4, 50465235, '2609110150', 'CROWN GEAR', 50, 0, 0, '', 0, '', 0),
(4, 50465235, '2609111930', 'Chuck', 20, 0, 0, '', 0, '', 0),
(4, 50465235, '2609120168', 'Armature', 2, 0, 0, '', 0, '', 0),
(4, 50465235, '2609120169', 'Stator', 1, 0, 0, '', 0, '', 0),
(4, 50465235, '2609120317', 'BRUSH PLATE', 10, 0, 0, '', 0, '', 0),
(4, 50465235, '2609160123', 'DRILLING SPINDLE GSB 13 RE', 3, 0, 0, '', 0, '', 0),
(4, 50465235, '2609160127', 'CHANGE-OVER SWITCH', 4, 0, 0, '', 0, '', 0),
(4, 50465235, '2609199169', 'Carbon-Brush Set', 10, 0, 0, '', 0, '', 0),
(4, 50465235, '2609199258', 'DC MOTOR', 1, 0, 0, '', 0, '', 0),
(4, 50465235, '2609199667', 'Armature set', 1, 0, 0, '', 0, '', 0),
(4, 50465235, '2610035221', 'Housing', 1, 0, 0, '', 0, '', 0),
(4, 50465235, '2910021118', 'SOCKET HEAD SCREW', 4, 0, 0, '', 0, '', 0),
(4, 50465235, '2910141197', 'HEX SOCKET HEAD CAP SCREW', 10, 0, 0, '', 0, '', 0),
(4, 50465235, '2910211283', 'SELF-TAPPING SCREW', 4, 0, 0, '', 0, '', 0),
(4, 50465235, '2914201483', 'Torx Oval-Head Screw', 10, 0, 0, '', 0, '', 0),
(4, 50465235, '2914201508', 'Torx Oval-Head Screw', 4, 0, 0, '', 0, '', 0),
(4, 50465235, '2916690002', 'SPRING LOCK WASHER', 2, 0, 0, '', 0, '', 0),
(4, 50465235, '2916690003', 'SPRING LOCK WASHER', 2, 0, 0, '', 0, '', 0),
(4, 50465235, '3603345016', 'ROUND NUT', 3, 0, 0, '', 0, '', 0),
(4, 50465235, '3604010091', 'Armature 230V GBM 32-4', 10, 0, 0, '', 0, '', 0),
(4, 50465235, '3607014012', 'Carbon-Brush Set', 5, 0, 0, '', 0, '', 0),
(4, 50465235, '3607031913', 'drive electronics        30-300', 2, 0, 0, '', 0, '', 0),
(4, 50465235, '3607031917', 'drive electronics        50-210', 2, 0, 0, '', 0, '', 0),
(4, 50465235, '3609202921', 'Retaining ring', 2, 0, 0, '', 0, '', 0),
(4, 50465235, '3613344500', 'OIL RETURN RING', 2, 0, 0, '', 0, '', 0),
(4, 50465235, '9618088985', 'Carbon-Brush Set', 5, 0, 0, '', 0, '', 0),
(4, 50465235, 'F016F04329', 'Pump head', 1, 0, 0, '', 0, '', 0),
(4, 50465235, 'F016F04440', 'Pump unit', 10, 0, 0, '', 0, '', 0),
(4, 50465235, 'F016F04796', 'Trigger', 10, 0, 0, '', 0, '', 0),
(4, 50465235, 'F016F04801', 'Pump head', 3, 0, 0, '', 0, '', 0),
(4, 50465235, 'F016F05013', 'High-Pressure Hose', 10, 0, 0, '', 0, '', 0),
(4, 50465235, 'F016F05052', 'Water filter', 30, 0, 0, '', 0, '', 0),
(4, 50465235, 'F016F05053', '3-in-1-nozzle', 2, 0, 0, '', 0, '', 0),
(4, 50465235, 'F016F05054', 'Fixed fan jet nozzle', 2, 0, 0, '', 0, '', 0),
(4, 50465235, 'F016F05280', 'Trigger Handle', 15, 0, 0, '', 0, '', 0),
(4, 50465235, 'F016F05281', 'Lance', 5, 0, 0, '', 0, '', 0),
(4, 50465235, 'F016F05362', 'Nozzle', 5, 0, 0, '', 0, '', 0),
(4, 50465235, 'F016L72014', 'O-RING', 1, 0, 0, '', 0, '', 0),
(4, 50465235, 'F016L72017', 'Spring', 1, 0, 0, '', 0, '', 0),
(4, 50465235, 'F016L72021', 'Valve', 1, 0, 0, '', 0, '', 0),
(4, 50465235, 'F016L72022', 'O-RING', 2, 0, 0, '', 0, '', 0),
(4, 50465235, 'F016L72028', 'Nipple', 2, 0, 0, '', 0, '', 0),
(4, 50465235, 'F016L72034', 'Spacer Ring', 1, 0, 0, '', 0, '', 0),
(4, 50465235, 'F016L72036', 'Piston Guide', 1, 0, 0, '', 0, '', 0),
(4, 50465235, 'F016L72072', 'Spring', 2, 0, 0, '', 0, '', 0),
(4, 50465235, 'F016L72073', 'BALL', 2, 0, 0, '', 0, '', 0),
(4, 50465235, 'F016L72074', 'O-RING', 2, 0, 0, '', 0, '', 0),
(4, 50465235, 'F016L72090', 'Condenser', 1, 0, 0, '', 0, '', 0),
(4, 50465235, 'F016L72201', 'Screw', 1, 0, 0, '', 0, '', 0),
(4, 50465235, 'F016L72245', 'Screw', 1, 0, 0, '', 0, '', 0),
(4, 50465235, 'F016L72256', 'Switch', 1, 0, 0, '', 0, '', 0),
(4, 50465235, 'F016L72259', 'Switch', 1, 0, 0, '', 0, '', 0),
(4, 0, '', '', 3, 0, 0, '', 0, '', 0),
(5, 50465235, '1600200029', 'Plain bearing', 3, 0, 0, '', 0, '', 0),
(5, 50465235, '1600A000VY', 'Air Hose', 1, 0, 0, '', 0, '', 0),
(5, 50465235, '1600A003G4', 'BRUSH HOLDER', 5, 0, 0, '', 0, '', 0),
(5, 50465235, '1600A004BS', 'Electronic Assembly', 1, 0, 0, '', 0, '', 0),
(5, 50465235, '1600A008RV', 'Flange', 10, 0, 0, '', 0, '', 0),
(5, 50465235, '1600A00F8P', 'Gear Box', 2, 0, 0, '', 0, '', 0),
(5, 50465235, '1600A00FG7', 'Electronics Module', 1, 0, 0, '', 0, '', 0),
(5, 50465235, '1600A00HR1', 'Fast Charger 230V GSR 120 LI', 5, 0, 0, '', 0, '', 0),
(5, 50465235, '1600A00N61', 'Gear Box', 1, 0, 0, '', 0, '', 0),
(5, 50465235, '1600A011KB', 'BRUSH HOLDER', 10, 0, 0, '', 0, '', 0),
(5, 50465235, '1600A014FM', 'Shift-Lever Knob', 5, 0, 0, '', 0, '', 0),
(5, 50465235, '1600A014L1', 'Bracket', 30, 0, 0, '', 0, '', 0),
(5, 50465235, '1600A014L3', 'Baseplate', 35, 0, 0, '', 0, '', 0),
(5, 50465235, '1600A014L4', 'Pad', 10, 0, 0, '', 0, '', 0),
(5, 50465235, '1600A014UK', 'Nut', 10, 0, 0, '', 0, '', 0),
(5, 50465235, '160202508X', 'AUXILIARY HANDLE', 2, 0, 0, '', 0, '', 0),
(5, 50465235, '1602026057', 'SWITCH HANDLE', 20, 0, 0, '', 0, '', 0),
(5, 50465235, '1602026068', 'SWITCH HANDLE', 15, 0, 0, '', 0, '', 0),
(5, 50465235, '160343005U', 'CREW', 20, 0, 0, '', 0, '', 0),
(5, 50465235, '1603435078', 'Torx Oval-Head Screw', 10, 0, 0, '', 0, '', 0),
(5, 50465235, '1603523111', 'GRINDING SPINDLE', 5, 0, 0, '', 0, '', 0),
(5, 50465235, '1604010626', 'Armature', 50, 0, 0, '', 0, '', 0),
(5, 50465235, '1604010633', 'Armature With Fan', 1, 0, 0, '', 0, '', 0),
(5, 50465235, '1604010A22', 'Armature With Fan 220-240V GWS 14-125 CI', 3, 0, 0, '', 0, '', 0),
(5, 50465235, '1604010B6R', 'Armature', 3, 0, 0, '', 0, '', 0),
(5, 50465235, '1604010B9J', 'Armature-GKS 140', 25, 0, 0, '', 0, '', 0),
(5, 50465235, '1604010BC1', 'Armature', 1, 0, 0, '', 0, '', 0),
(5, 50465235, '1604010BK6', 'Armature', 10, 0, 0, '', 0, '', 0),
(5, 50465235, '1604011252', 'Armature', 5, 0, 0, '', 0, '', 0),
(5, 50465235, '1604220328', 'FIELD', 20, 0, 0, '', 0, '', 0),
(5, 50465235, '1604220380', 'FIELD', 5, 0, 0, '', 0, '', 0),
(5, 50465235, '1604220455', 'FIELD', 2, 0, 0, '', 0, '', 0),
(5, 50465235, '1604220457', 'FIELD', 10, 0, 0, '', 0, '', 0),
(5, 50465235, '1604220470', 'FIELD', 3, 0, 0, '', 0, '', 0),
(5, 50465235, '160422052J', 'FIELD', 3, 0, 0, '', 0, '', 0),
(5, 50465235, '1604336021', 'BRUSH HOLDER', 30, 0, 0, '', 0, '', 0),
(5, 50465235, '1604652006', 'Spiral Spring', 10, 0, 0, '', 0, '', 0),
(5, 50465235, '160465202M', 'Spiral Spring', 5, 0, 0, '', 0, '', 0),
(5, 50465235, '1605108190', 'Motor Housing', 1, 0, 0, '', 0, '', 0),
(5, 50465235, '1605500278', 'Housing Cover', 1, 0, 0, '', 0, '', 0),
(5, 50465235, '1605805090', 'Bearing Flange BLACK GWS 8-100 C', 3, 0, 0, '', 0, '', 0),
(5, 50465235, '1605806466', 'GEAR HOUSING', 5, 0, 0, '', 0, '', 0),
(5, 50465235, '16058065SB', 'GEAR HOUSING(GWS 14-125 CI)', 1, 0, 0, '', 0, '', 0),
(5, 50465235, '1607000298', 'PUSH-BUTTON', 10, 0, 0, '', 0, '', 0),
(5, 50465235, '1607000967', 'ON-OFF SWITCH', 1, 0, 0, '', 0, '', 0),
(5, 50465235, '1607000971', 'Switch', 1, 0, 0, '', 0, '', 0),
(5, 50465235, '1607000C3M', 'HAMMER PISTON', 10, 0, 0, '', 0, '', 0),
(5, 50465235, '1607000C3M', 'HAMMER PISTON', 0, 0, 0, '', 0, '', 0),
(5, 50465235, '1607000C3P', 'CONNECTING ROD', 5, 0, 0, '', 0, '', 0),
(5, 50465235, '1607000C5K', 'Motor Spare Parts Set', 5, 0, 0, '', 0, '', 0),
(5, 50465235, '1607000CZ1', 'Carbon Brush Set GSR 180LI', 100, 0, 0, '', 0, '', 0),
(5, 50465235, '1607000D0D', 'Printed Circuit Board', 5, 0, 0, '', 0, '', 0),
(5, 50465235, '1607000D1V', 'Motor', 15, 0, 0, '', 0, '', 0),
(5, 50465235, '1607014145', '\"CARBON-BRUSH SET-4\"\" AG\"', 500, 0, 0, '', 0, '', 0),
(5, 50465235, '160701417J', 'Carbon-Brush Set', 20, 0, 0, '', 0, '', 0),
(5, 50465235, '160701418R', 'Carbon-Brush Set', 50, 0, 0, '', 0, '', 0),
(5, 50465235, '1607200150', 'Switch', 1, 0, 0, '', 0, '', 0),
(5, 50465235, '1607200179', 'ON-OFF SWITCH', 25, 0, 0, '', 0, '', 0),
(5, 50465235, '1607200270', 'Switch', 5, 0, 0, '', 0, '', 0),
(5, 50465235, '160720031V', 'Switch', 20, 0, 0, '', 0, '', 0),
(5, 50465235, '160720031Y', 'Switch', 20, 0, 0, '', 0, '', 0),
(5, 50465235, '1607200326', 'Switch', 20, 0, 0, '', 0, '', 0),
(5, 50465235, '160720035P', 'Switch', 5, 0, 0, '', 0, '', 0),
(5, 50465235, '1607200372', 'Switch', 5, 0, 0, '', 0, '', 0),
(5, 50465235, '1607233196', 'Speed governor', 2, 0, 0, '', 0, '', 0),
(5, 50465235, '1607233291', 'Speed governor', 2, 0, 0, '', 0, '', 0),
(5, 50465235, '160723358M', 'Speed governor', 5, 0, 0, '', 0, '', 0),
(5, 50465235, '16072335CV', 'Speed governor', 20, 0, 0, '', 0, '', 0),
(5, 50465235, '1607328059', 'Suppression Filter', 5, 0, 0, '', 0, '', 0),
(5, 50465235, '1609201215', 'TOOTHED BELT', 3, 0, 0, '', 0, '', 0),
(5, 50465235, '1609B04462', 'Mitre Fence', 1, 0, 0, '', 0, '', 0),
(5, 50465235, '1610021006', 'Shift Plate', 10, 0, 0, '', 0, '', 0),
(5, 50465235, '1610102029', 'SUPPORTING DISC', 5, 0, 0, '', 0, '', 0),
(5, 50465235, '1610119010', 'Spring Retaining ring GSH 11 E', 5, 0, 0, '', 0, '', 0),
(5, 50465235, '1610210070', 'O-RING', 5, 0, 0, '', 0, '', 0),
(5, 50465235, '1610210091', 'O-RING', 5, 0, 0, '', 0, '', 0),
(5, 50465235, '1610210122', 'O-RING', 20, 0, 0, '', 0, '', 0),
(5, 50465235, '1610210144', 'O-RING (22,0x3,0 MM)', 10, 0, 0, '', 0, '', 0),
(5, 50465235, '1610210199', 'O-RING', 2, 0, 0, '', 0, '', 0),
(5, 50465235, '1610290028', 'ROTARY SHAFT LIP SEAL', 10, 0, 0, '', 0, '', 0),
(5, 50465235, '1610290065', 'SEALING RING', 5, 0, 0, '', 0, '', 0),
(5, 50465235, '1610290066', 'ROTARY SHAFT LIP SEAL', 3, 0, 0, '', 0, '', 0),
(5, 50465235, '1610290076', 'Indexing Disk', 5, 0, 0, '', 0, '', 0),
(5, 50465235, '1610290112', 'Rotary shaft lip sea', 3, 0, 0, '', 0, '', 0),
(5, 50465235, '1610300063', 'Bushing', 2, 0, 0, '', 0, '', 0),
(5, 50465235, '1610300064', 'GEAR SLEEVE', 1, 0, 0, '', 0, '', 0),
(5, 50465235, '1610314004', 'SEALING SLEEVE', 1, 0, 0, '', 0, '', 0),
(5, 50465235, '1610314006', 'SEALING SLEEVE', 2, 0, 0, '', 0, '', 0),
(5, 50465235, '1610499023', 'PROTECTION SLEEVE', 10, 0, 0, '', 0, '', 0),
(5, 50465235, '1610500023', 'Retaining snap ring', 2, 0, 0, '', 0, '', 0),
(5, 50465235, '1610508052', 'PROTECTIVE CAP', 10, 0, 0, '', 0, '', 0),
(5, 50465235, '1610521011', 'STOP SLEEVE', 3, 0, 0, '', 0, '', 0),
(5, 50465235, '1610591014', 'PROTECTION SLEEVE', 3, 0, 0, '', 0, '', 0),
(5, 50465235, '1610591051', 'PROTECTION SLEEVE', 2, 0, 0, '', 0, '', 0),
(5, 50465235, '1611006008', 'Holding Plate GSH 16-30', 2, 0, 0, '', 0, '', 0),
(5, 50465235, '1611016003', 'HOLDING PLATE', 30, 0, 0, '', 0, '', 0),
(5, 50465235, '1611329024', 'SWITCH CONTACT', 50, 0, 0, '', 0, '', 0),
(5, 50465235, '1612001033', 'CONNECTING ROD', 5, 0, 0, '', 0, '', 0),
(5, 50465235, '1612001034', 'CONNECTING ROD', 1, 0, 0, '', 0, '', 0),
(5, 50465235, '1612025055', 'AUXILIARY HANDLE', 1, 0, 0, '', 0, '', 0),
(5, 50465235, '1612026048', 'Shift Plate', 20, 0, 0, '', 0, '', 0),
(5, 50465235, '1612026049', 'CONTROL LEVER', 20, 0, 0, '', 0, '', 0),
(5, 50465235, '1612210118', 'ECCENTRIC', 1, 0, 0, '', 0, '', 0),
(5, 50465235, '1613103004', 'Locking Bolt', 1, 0, 0, '', 0, '', 0),
(5, 50465235, '1613124081', 'STRIKER PIN', 6, 0, 0, '', 0, '', 0),
(5, 50465235, '1613200020', 'Cylindrical Roller', 6, 0, 0, '', 0, '', 0),
(5, 50465235, '1613300007', 'HEX NUT', 2, 0, 0, '', 0, '', 0),
(5, 50465235, '1613349020', 'HEXAGON NUT-GSH 16-30', 2, 0, 0, '', 0, '', 0),
(5, 50465235, '1613435016', 'Torx Oval-Head Screw', 10, 0, 0, '', 0, '', 0),
(5, 50465235, '1613435037', 'Thread-forming tap. Screw', 10, 0, 0, '', 0, '', 0),
(5, 50465235, '1614010262', 'Armature', 1, 0, 0, '', 0, '', 0),
(5, 50465235, '1614010705', 'Armature With Fan', 1, 0, 0, '', 0, '', 0),
(5, 50465235, '1614010709', 'Armature', 20, 0, 0, '', 0, '', 0),
(5, 50465235, '1614010711', 'Armature', 20, 0, 0, '', 0, '', 0),
(5, 50465235, '1614011117', 'Armature', 5, 0, 0, '', 0, '', 0),
(5, 50465235, '1614220208', 'FIELD', 2, 0, 0, '', 0, '', 0),
(5, 50465235, '1614336086', 'BRUSH PLATE', 2, 0, 0, '', 0, '', 0),
(5, 50465235, '1614449014', 'CONNECTING CABLE', 5, 0, 0, '', 0, '', 0),
(5, 50465235, '1614449015', 'CONNECTING CABLE', 5, 0, 0, '', 0, '', 0),
(5, 50465235, '1614449021', 'CONNECTING CABLE', 5, 0, 0, '', 0, '', 0),
(5, 50465235, '1614465011', 'SUPPRESSOR BOX', 10, 0, 0, '', 0, '', 0),
(5, 50465235, '1614601060', 'SNAP RING', 2, 0, 0, '', 0, '', 0),
(5, 50465235, '1614611023', 'COMPRESSION SPRING', 2, 0, 0, '', 0, '', 0),
(5, 50465235, '1614621010', 'COMPRESSION SPRING', 2, 0, 0, '', 0, '', 0),
(5, 50465235, '1615108091', 'Motor Housing', 1, 0, 0, '', 0, '', 0),
(5, 50465235, '1615108150', 'Motor Housing', 1, 0, 0, '', 0, '', 0),
(5, 50465235, '1615806187', 'BEARING BRACKET', 5, 0, 0, '', 0, '', 0),
(5, 50465235, '1615808106', 'Bearing Holder', 1, 0, 0, '', 0, '', 0),
(5, 50465235, '1616317061', 'ECCENTRIC COG WHEEL', 1, 0, 0, '', 0, '', 0),
(5, 50465235, '1616325002', 'SWITCHING PANEL', 1, 0, 0, '', 0, '', 0),
(5, 50465235, '1616333038', 'CROWN GEAR', 1, 0, 0, '', 0, '', 0),
(5, 50465235, '1616490060', 'RATCHET SLEEVE', 1, 0, 0, '', 0, '', 0),
(5, 50465235, '1616B00086', 'O-RING', 20, 0, 0, '', 0, '', 0),
(5, 50465235, '1616B10269', 'FIELD', 5, 0, 0, '', 0, '', 0),
(5, 50465235, '1616B10337', 'SWITCH CONTACT', 10, 0, 0, '', 0, '', 0),
(5, 50465235, '1617000224', 'Wear and Tear Part Set', 1, 0, 0, '', 0, '', 0),
(5, 50465235, '1617000327', 'QUICK-CHANGE COLLET CHUCK', 1, 0, 0, '', 0, '', 0),
(5, 50465235, '1617000406', 'ROLLER SET', 6, 0, 0, '', 0, '', 0),
(5, 50465235, '1617000524', 'Armature With Fan', 2, 0, 0, '', 0, '', 0),
(5, 50465235, '1617000534', 'HAMMER PISTON', 2, 0, 0, '', 0, '', 0),
(5, 50465235, '1617000536', 'Motor Housing', 1, 0, 0, '', 0, '', 0),
(5, 50465235, '1617000557', 'HAMMER PISTON', 10, 0, 0, '', 0, '', 0),
(5, 50465235, '1617000579', 'TOOTHED SHAFT', 20, 0, 0, '', 0, '', 0),
(5, 50465235, '1617000598', 'TOOL HOLDING FIXTURE', 20, 0, 0, '', 0, '', 0),
(5, 50465232, '1617000693', 'TOOL HOLDING FIXTURE', 3, 0, 0, '', 0, '', 0),
(5, 50465235, '16170006A5', 'HAMMER PISTON', 3, 0, 0, '', 0, '', 0),
(5, 50465235, '16170006BS', 'Motor Housing', 1, 0, 0, '', 0, '', 0),
(5, 50465235, '16170006D3', 'PROTECTION SLEEVE', 20, 0, 0, '', 0, '', 0),
(5, 50465235, '1617014144', 'CARBON-BRUSH SET GBH 5-40 DCE', 20, 0, 0, '', 0, '', 0),
(5, 50465235, '1617200077', 'Switch', 1, 0, 0, '', 0, '', 0),
(5, 50465235, '1617200515', 'Switch', 5, 0, 0, '', 0, '', 0),
(5, 50465235, '1617200542', 'Switch', 5, 0, 0, '', 0, '', 0),
(5, 50465235, '1617328025', 'Suppression Filter', 5, 0, 0, '', 0, '', 0),
(5, 50465235, '1617328032', 'SUPPRESSOR BOX', 20, 0, 0, '', 0, '', 0),
(5, 50465235, '1618598175', 'QUICK-CHANGE COLLET CHUCK', 1, 0, 0, '', 0, '', 0),
(5, 50465235, '1618700064', 'HAMMER PISTON', 10, 0, 0, '', 0, '', 0),
(5, 50465235, '1618700075', 'HAMMER PISTON', 2, 0, 0, '', 0, '', 0),
(5, 50465235, '1618700083', 'HAMMER PISTON', 5, 0, 0, '', 0, '', 0),
(5, 50465235, '1619P00349', 'Armature set', 15, 0, 0, '', 0, '', 0),
(5, 50465235, '1619P00443', 'LOCKING WASHER', 10, 0, 0, '', 0, '', 0),
(5, 50465235, '1619P00446', 'Shim', 10, 0, 0, '', 0, '', 0),
(5, 50465235, '1619P00455', 'DEEP-GROOVE BALL BEARING', 100, 0, 0, '', 0, '', 0),
(5, 50465235, '1619P00456', 'BALL BEARING', 100, 0, 0, '', 0, '', 0),
(5, 50465235, '1619P01632', 'Extension Spring', 2, 0, 0, '', 0, '', 0),
(5, 50465235, '1619P01769', 'HOUSING SET', 2, 0, 0, '', 0, '', 0),
(5, 50465235, '1619P01771', 'Armature', 5, 0, 0, '', 0, '', 0),
(5, 50465235, '1619P01773', 'HAMMER PIPE', 5, 0, 0, '', 0, '', 0),
(5, 50465235, '1619P01776', 'CONNECTING CABLE', 5, 0, 0, '', 0, '', 0),
(5, 50465235, '1619P01814', 'Gear Housing GREEN', 5, 0, 0, '', 0, '', 0),
(5, 50465235, '1619P01844', 'Armature', 100, 0, 0, '', 0, '', 0),
(5, 50465235, '1619P02428', 'FIELD', 10, 0, 0, '', 0, '', 0),
(5, 50465235, '1619P02581', 'ECCENTRIC COG WHEEL', 10, 0, 0, '', 0, '', 0),
(5, 50465235, '1619P02708', 'BEARING FLANGE', 30, 0, 0, '', 0, '', 0),
(5, 50465235, '1619P02762', 'SWITCH BUTTON', 30, 0, 0, '', 0, '', 0),
(5, 50465235, '1619P02811', 'ADJUSTING SLIDE', 10, 0, 0, '', 0, '', 0),
(5, 50465235, '1619P02819', 'AIR DISTRIBUTOR', 5, 0, 0, '', 0, '', 0),
(5, 50465235, '1619P02843', 'COVER', 2, 0, 0, '', 0, '', 0),
(5, 50465235, '1619P03482', 'BOLT', 5, 0, 0, '', 0, '', 0),
(5, 50465235, '1619P03748', 'Locking Pin', 1, 0, 0, '', 0, '', 0),
(5, 50465235, '1619P03752', 'SPRING PIN', 1, 0, 0, '', 0, '', 0),
(5, 50465235, '1619P03825', 'Screw and washer assembly', 2, 0, 0, '', 0, '', 0),
(5, 50465235, '1619P06211', 'Round-Head Bolt', 2, 0, 0, '', 0, '', 0),
(5, 50465235, '1619P06334', 'Extension Spring', 1, 0, 0, '', 0, '', 0),
(5, 50465235, '1619P06345', 'Armature set', 5, 0, 0, '', 0, '', 0),
(5, 50465235, '1619P06451', 'Clamping Saddle', 10, 0, 0, '', 0, '', 0),
(5, 50465235, '1619P07647', 'Suppression Filter', 5, 0, 0, '', 0, '', 0),
(5, 50465235, '1619P08759', 'COMPRESSION SPRING', 4, 0, 0, '', 0, '', 0),
(5, 50465235, '1619P08772', 'Striker', 2, 0, 0, '', 0, '', 0),
(5, 50465235, '1619P09115', 'Armature With Fan', 2, 0, 0, '', 0, '', 0),
(5, 50465235, '1619P09620', 'GEAR HOUSING', 1, 0, 0, '', 0, '', 0),
(5, 50465235, '1619P09707', 'STRIKER PIN', 2, 0, 0, '', 0, '', 0),
(5, 50465235, '1619P09971', 'Switch', 4, 0, 0, '', 0, '', 0),
(5, 50465235, '1619P10062', 'Armature set', 5, 0, 0, '', 0, '', 0),
(5, 50465235, '1619P10769', 'Armature', 4, 0, 0, '', 0, '', 0),
(5, 50465235, '1619P10838', 'SWITCH BUTTON', 20, 0, 0, '', 0, '', 0),
(5, 50465235, '1619P10952', 'Armature', 75, 0, 0, '', 0, '', 0),
(5, 50465235, '1619P10953', 'FIELD', 50, 0, 0, '', 0, '', 0),
(5, 50465235, '1619P10958', 'Motor Housing', 5, 0, 0, '', 0, '', 0),
(5, 50465235, '1619P10959', 'Motor Housing', 5, 0, 0, '', 0, '', 0),
(5, 50465235, '1619P10968', 'Adjusting Slide-GWS 750', 20, 0, 0, '', 0, '', 0),
(5, 50465235, '1619P10969', 'Switch Button-GWS 750', 25, 0, 0, '', 0, '', 0),
(5, 50465235, '1619P11715', 'Carbon-Brush Set', 400, 0, 0, '', 0, '', 0),
(5, 50465235, '1619P11998', 'FIELD', 5, 0, 0, '', 0, '', 0),
(5, 50465235, '1619P12022', 'Bevel Gear Set', 1, 0, 0, '', 0, '', 0),
(5, 50465235, '1619P12188', 'Push Button', 15, 0, 0, '', 0, '', 0),
(5, 50465235, '1619P12188', 'Push Button', 0, 0, 0, '', 0, '', 0),
(5, 50465235, '1619P12192', 'Air-Deflector Ring', 2, 0, 0, '', 0, '', 0),
(5, 50465235, '1619P12589', 'LIFTING ROD', 2, 0, 0, '', 0, '', 0),
(5, 50465235, '1619P12765', 'LIFTING ROD', 10, 0, 0, '', 0, '', 0),
(5, 50465235, '1619P13450', 'Armature', 5, 0, 0, '', 0, '', 0),
(5, 50465235, '1619P13451', 'Intermediate Flange', 2, 0, 0, '', 0, '', 0),
(5, 50465235, '1619P13456', 'TOOTHED SHAFT', 5, 0, 0, '', 0, '', 0),
(5, 50465235, '1619P13461', 'SUPPORTING DISC', 5, 0, 0, '', 0, '', 0),
(5, 50465235, '1619P13541', 'SWITCH BUTTON', 20, 0, 0, '', 0, '', 0),
(5, 50465235, '1619P13558', 'Housing Cover', 1, 0, 0, '', 0, '', 0),
(5, 50465235, '1619P14031', 'Dust Cap-GSH 500', 2, 0, 0, '', 0, '', 0),
(5, 50465235, '1619P14877', 'FIELD', 2, 0, 0, '', 0, '', 0),
(5, 50465235, '1619P15000', 'FIELD', 10, 0, 0, '', 0, '', 0),
(5, 50465235, '1619P15334', 'Motor Housing', 1, 0, 0, '', 0, '', 0),
(5, 50465235, '1619P15405', 'Bevel Gear Set', 1, 0, 0, '', 0, '', 0),
(5, 50465235, '1619P15749', 'Armature', 10, 0, 0, '', 0, '', 0),
(5, 50465235, '1619P16276', 'Armature', 5, 0, 0, '', 0, '', 0),
(5, 50465235, '1619P16280', 'HAMMER PIPE', 2, 0, 0, '', 0, '', 0),
(5, 50465235, '1619P16327', 'CONNECTING CABLE', 5, 0, 0, '', 0, '', 0),
(5, 50465235, '1619P20540', 'HAMMER PISTON', 5, 0, 0, '', 0, '', 0),
(5, 50465235, '1619PA0678', 'FIELD', 2, 0, 0, '', 0, '', 0),
(5, 50465235, '1619PA0701', 'CHANGE-OVER SWITCH', 2, 0, 0, '', 0, '', 0),
(5, 50465235, '1619PA3304', 'Chuck', 10, 0, 0, '', 0, '', 0),
(5, 50465235, '1619PA4613', 'BEARING BRACKET', 4, 0, 0, '', 0, '', 0),
(5, 50465235, '1619PA6703', 'Switch', 4, 0, 0, '', 0, '', 0),
(5, 50465235, '1619PA6835', 'FIELD', 10, 0, 0, '', 0, '', 0),
(5, 50465235, '1619PA6948', 'Torsion Spring', 2, 0, 0, '', 0, '', 0),
(5, 50465235, '1619PA6952', 'Special Screw', 2, 0, 0, '', 0, '', 0),
(5, 50465235, '1619PA6953', 'Bushing', 2, 0, 0, '', 0, '', 0),
(5, 50465235, '1619PA6957', 'Pan head screw', 2, 0, 0, '', 0, '', 0),
(5, 50465235, '1619PA6958', 'Special Screw', 2, 0, 0, '', 0, '', 0),
(5, 50465235, '1619PA6976', 'Bearing cover', 2, 0, 0, '', 0, '', 0),
(5, 50465235, '1619PA6983', 'Dust Separator', 1, 0, 0, '', 0, '', 0),
(5, 50465235, '1619PA6994', 'Pan head screw', 2, 0, 0, '', 0, '', 0),
(5, 50465235, '1619PA6996', 'shaft lock', 2, 0, 0, '', 0, '', 0),
(5, 50465235, '1619PA7004', 'COMPRESSION SPRING', 2, 0, 0, '', 0, '', 0),
(5, 50465235, '1619PA7005', 'Torsion Spring', 2, 0, 0, '', 0, '', 0),
(5, 50465235, '1619PA7006', 'Locking Lever', 2, 0, 0, '', 0, '', 0),
(5, 50465235, '1619PA7007', 'Special Screw', 2, 0, 0, '', 0, '', 0),
(5, 50465235, '1619PA7022', 'Parallel Key', 2, 0, 0, '', 0, '', 0),
(5, 50465235, '1619PA7023', 'Clamping Flange', 2, 0, 0, '', 0, '', 0),
(5, 50465235, '1619PA7029', 'Plain Washer', 2, 0, 0, '', 0, '', 0),
(5, 50465235, '1619PA7032', 'Spindle', 2, 0, 0, '', 0, '', 0),
(5, 50465235, '1619PA7056', 'Armature', 10, 0, 0, '', 0, '', 0),
(5, 50465235, '1619PA7058', 'Special Screw', 2, 0, 0, '', 0, '', 0),
(5, 50465235, '1619PA7310', 'Motor GAS 15', 1, 0, 0, '', 0, '', 0),
(5, 50465235, '1619PA7325', 'Suction Pipe', 1, 0, 0, '', 0, '', 0),
(5, 50465235, '1619PA7327', 'floor nozzle', 1, 0, 0, '', 0, '', 0),
(5, 50465235, '1619PA7329', 'DustBag', 1, 0, 0, '', 0, '', 0),
(5, 50465235, '1619PA7629', 'Armature', 1, 0, 0, '', 0, '', 0),
(5, 50465235, '1619PA7635', 'Carbon-Brush Set', 10, 0, 0, '', 0, '', 0),
(5, 50465235, '1619PA8370', 'Filterbag', 1, 0, 0, '', 0, '', 0),
(5, 50465235, '1619PB2368', 'Motor Housing', 2, 0, 0, '', 0, '', 0),
(5, 50465235, '1619PB2788', 'Motor', 10, 0, 0, '', 0, '', 0),
(5, 50465235, '1619PB3050', 'groove ball bearing', 5, 0, 0, '', 0, '', 0),
(5, 50465235, '1619PB3053', 'Bearing Sleeve', 5, 0, 0, '', 0, '', 0),
(5, 50465235, '1619PB4036', 'Gear-GKS 140', 5, 0, 0, '', 0, '', 0),
(5, 50465235, '1619PB4412', 'Armature', 15, 0, 0, '', 0, '', 0),
(5, 50465235, '1619PB4412', 'Armature', 0, 0, 0, '', 0, '', 0),
(5, 50465235, '1619PB4413', 'FIELD', 10, 0, 0, '', 0, '', 0),
(5, 50465235, '1619PB4414', 'Switch', 5, 0, 0, '', 0, '', 0),
(5, 50465235, '1619PB4749', 'CARBON BRUSH', 50, 0, 0, '', 0, '', 0),
(5, 50465235, '1619X01792', 'COMPRESSION SPRING', 2, 0, 0, '', 0, '', 0),
(5, 50465235, '1903230010', 'BALL', 5, 0, 0, '', 0, '', 0),
(5, 50465235, '2600100041', 'Plain Washer', 5, 0, 0, '', 0, '', 0),
(5, 50465235, '2600100569', 'Shim', 10, 0, 0, '', 0, '', 0),
(5, 50465235, '2600100577', 'Shim', 10, 0, 0, '', 0, '', 0),
(5, 50465235, '2600100586', 'Shim', 3, 0, 0, '', 0, '', 0),
(5, 50465235, '2600100611', 'Shim', 5, 0, 0, '', 0, '', 0),
(5, 50465235, '2600101612', 'Shim', 10, 0, 0, '', 0, '', 0),
(5, 50465235, '2600101617', 'Shim', 5, 0, 0, '', 0, '', 0),
(5, 50465235, '2600108026', 'Felt Washer', 3, 0, 0, '', 0, '', 0),
(5, 50465235, '2600150003', 'SPRING WASHER', 3, 0, 0, '', 0, '', 0),
(5, 50465235, '2600300005', 'ROLLER', 5, 0, 0, '', 0, '', 0),
(5, 50465235, '2600421001', 'GUIDE SLEEVE', 5, 0, 0, '', 0, '', 0),
(5, 50465235, '2600500017', 'CUPPED WASHER', 5, 0, 0, '', 0, '', 0),
(5, 50465235, '2600905039', 'groove ball bearing', 2, 0, 0, '', 0, '', 0),
(5, 50465235, '2601015050', 'SEAL', 5, 0, 0, '', 0, '', 0),
(5, 50465235, '2601015901', 'Sealing Plate', 5, 0, 0, '', 0, '', 0),
(5, 50465235, '2601072901', 'ECCENTRIC DISC', 5, 0, 0, '', 0, '', 0),
(5, 50465235, '2601098003', 'COUNTERWEIGHT', 5, 0, 0, '', 0, '', 0),
(5, 50465235, '2601320018', 'RETAINING BRACKET', 5, 0, 0, '', 0, '', 0),
(5, 50465235, '2601321908', 'ROLLER LEVER', 2, 0, 0, '', 0, '', 0),
(5, 50465235, '2601328002', 'COVER DISC', 5, 0, 0, '', 0, '', 0),
(5, 50465235, '2601923004', 'FORK LEVER', 10, 0, 0, '', 0, '', 0),
(5, 50465235, '2602026908', 'CAP-HANDLE', 2, 0, 0, '', 0, '', 0),
(5, 50465235, '2602305014', 'LIFTING ROD', 1, 0, 0, '', 0, '', 0),
(5, 50465235, '2602305016', 'LIFTING ROD', 1, 0, 0, '', 0, '', 0),
(5, 50465235, '2602305042', 'AIR ELIMINATOR', 5, 0, 0, '', 0, '', 0),
(5, 50465235, '2603320001', 'SQUARE NUT', 10, 0, 0, '', 0, '', 0),
(5, 50465235, '2603341007', 'ROUND NUT', 2, 0, 0, '', 0, '', 0),
(5, 50465235, '2603410049', 'Thread-forming tap. Screw', 5, 0, 0, '', 0, '', 0),
(5, 50465235, '2603421040', 'COUNTERSUNK-HEAD SCREW', 5, 0, 0, '', 0, '', 0),
(5, 50465235, '2603435015', 'RECESSED-HEAD SCREW', 5, 0, 0, '', 0, '', 0),
(5, 50465235, '2603502015', 'Stud', 2, 0, 0, '', 0, '', 0),
(5, 50465235, '2604010578', 'Armature', 4, 0, 0, '', 0, '', 0),
(5, 50465235, '2604011028', 'Armature 220-240V (GEX 150 AC)', 5, 0, 0, '', 0, '', 0),
(5, 50465235, '2604011110', 'Armature', 2, 0, 0, '', 0, '', 0),
(5, 50465235, '2604011394', 'Armature', 3, 0, 0, '', 0, '', 0),
(5, 50465235, '2604220502', 'FIELD', 3, 0, 0, '', 0, '', 0),
(5, 50465235, '2604220529', 'FIELD', 3, 0, 0, '', 0, '', 0),
(5, 50465235, '2604220718', 'FIELD', 25, 0, 0, '', 0, '', 0),
(5, 50465235, '2604320912', 'Carbon-Brush Set', 30, 0, 0, '', 0, '', 0),
(5, 50465235, '2604321904', 'Carbon-Brush Set', 10, 0, 0, '', 0, '', 0),
(5, 50465235, '2604610140', 'COMPRESSION SPRING', 2, 0, 0, '', 0, '', 0),
(5, 50465235, '2604617004', 'COMPRESSION SPRING', 2, 0, 0, '', 0, '', 0),
(5, 50465235, '2604690056', 'Torsion Spring', 2, 0, 0, '', 0, '', 0),
(5, 50465235, '2604736001', 'TOOTHED BELT', 2, 0, 0, '', 0, '', 0),
(5, 50465235, '2604736002', 'TOOTHED BELT', 2, 0, 0, '', 0, '', 0),
(5, 50465235, '2604736004', 'TOOTHED BELT', 2, 0, 0, '', 0, '', 0),
(5, 50465235, '2605104410', 'Housing Section', 1, 0, 0, '', 0, '', 0),
(5, 50465235, '2605105105', 'Housing Section', 3, 0, 0, '', 0, '', 0),
(5, 50465235, '2605500056', 'Gear Cover', 1, 0, 0, '', 0, '', 0),
(5, 50465235, '2605500905', 'Gear Cover', 1, 0, 0, '', 0, '', 0),
(5, 50465235, '2605806082', 'GEAR HOUSING', 1, 0, 0, '', 0, '', 0),
(5, 50465235, '2606317086', 'Cylindrical Gear', 2, 0, 0, '', 0, '', 0),
(5, 50465235, '2606317098', 'Cylindrical Gear', 2, 0, 0, '', 0, '', 0),
(5, 50465235, '2606491011', 'RATCHET', 5, 0, 0, '', 0, '', 0),
(5, 50465235, '2606491014', 'COUPLING HALF', 5, 0, 0, '', 0, '', 0),
(5, 50465235, '2606491917', 'Modification Set 100-240V', 2, 0, 0, '', 0, '', 0),
(5, 50465235, '2607001130', 'NEEDLE-ROLLER CAGE', 10, 0, 0, '', 0, '', 0),
(5, 50465235, '2607200463', 'ON-OFF SWITCH', 1, 0, 0, '', 0, '', 0),
(5, 50465235, '2607200664', 'Switch', 2, 0, 0, '', 0, '', 0),
(5, 50465235, '2607202071', 'ON-OFF SWITCH', 1, 0, 0, '', 0, '', 0),
(5, 50465235, '2607202329', 'Electronics Module', 1, 0, 0, '', 0, '', 0),
(5, 50465235, '2607230119', 'Speed governor', 5, 0, 0, '', 0, '', 0),
(5, 50465235, '2607329129', 'Suppression Filter', 5, 0, 0, '', 0, '', 0),
(5, 50465235, '2609005840', 'Armature assembly', 1, 0, 0, '', 0, '', 0),
(5, 50465235, '2609100203', 'Brush-Cover', 2, 0, 0, '', 0, '', 0),
(5, 50465235, '2609100395', 'Housing', 1, 0, 0, '', 0, '', 0),
(5, 50465235, '2609100403', 'FOAM PANEL', 2, 0, 0, '', 0, '', 0),
(5, 50465235, '2609100539', 'Housing', 1, 0, 0, '', 0, '', 0),
(5, 50465235, '2609100580', 'LEVER', 5, 0, 0, '', 0, '', 0),
(5, 50465235, '2609110149', 'BEVEL GEAR', 50, 0, 0, '', 0, '', 0),
(5, 50465235, '2609110150', 'CROWN GEAR', 50, 0, 0, '', 0, '', 0),
(5, 50465235, '2609111930', 'Chuck', 20, 0, 0, '', 0, '', 0),
(5, 50465235, '2609120168', 'Armature', 2, 0, 0, '', 0, '', 0),
(5, 50465235, '2609120169', 'Stator', 1, 0, 0, '', 0, '', 0),
(5, 50465235, '2609120317', 'BRUSH PLATE', 10, 0, 0, '', 0, '', 0),
(5, 50465235, '2609160123', 'DRILLING SPINDLE GSB 13 RE', 3, 0, 0, '', 0, '', 0),
(5, 50465235, '2609160127', 'CHANGE-OVER SWITCH', 4, 0, 0, '', 0, '', 0),
(5, 50465235, '2609199169', 'Carbon-Brush Set', 10, 0, 0, '', 0, '', 0),
(5, 50465235, '2609199258', 'DC MOTOR', 1, 0, 0, '', 0, '', 0),
(5, 50465235, '2609199667', 'Armature set', 1, 0, 0, '', 0, '', 0),
(5, 50465235, '2610035221', 'Housing', 1, 0, 0, '', 0, '', 0),
(5, 50465235, '2910021118', 'SOCKET HEAD SCREW', 4, 0, 0, '', 0, '', 0),
(5, 50465235, '2910141197', 'HEX SOCKET HEAD CAP SCREW', 10, 0, 0, '', 0, '', 0),
(5, 50465235, '2910211283', 'SELF-TAPPING SCREW', 4, 0, 0, '', 0, '', 0),
(5, 50465235, '2914201483', 'Torx Oval-Head Screw', 10, 0, 0, '', 0, '', 0),
(5, 50465235, '2914201508', 'Torx Oval-Head Screw', 4, 0, 0, '', 0, '', 0),
(5, 50465235, '2916690002', 'SPRING LOCK WASHER', 2, 0, 0, '', 0, '', 0),
(5, 50465235, '2916690003', 'SPRING LOCK WASHER', 2, 0, 0, '', 0, '', 0),
(5, 50465235, '3603345016', 'ROUND NUT', 3, 0, 0, '', 0, '', 0),
(5, 50465235, '3604010091', 'Armature 230V GBM 32-4', 10, 0, 0, '', 0, '', 0),
(5, 50465235, '3607014012', 'Carbon-Brush Set', 5, 0, 0, '', 0, '', 0),
(5, 50465235, '3607031913', 'drive electronics        30-300', 2, 0, 0, '', 0, '', 0),
(5, 50465235, '3607031917', 'drive electronics        50-210', 2, 0, 0, '', 0, '', 0),
(5, 50465235, '3609202921', 'Retaining ring', 2, 0, 0, '', 0, '', 0),
(5, 50465235, '3613344500', 'OIL RETURN RING', 2, 0, 0, '', 0, '', 0),
(5, 50465235, '9618088985', 'Carbon-Brush Set', 5, 0, 0, '', 0, '', 0),
(5, 50465235, 'F016F04329', 'Pump head', 1, 0, 0, '', 0, '', 0),
(5, 50465235, 'F016F04440', 'Pump unit', 10, 0, 0, '', 0, '', 0),
(5, 50465235, 'F016F04796', 'Trigger', 10, 0, 0, '', 0, '', 0),
(5, 50465235, 'F016F04801', 'Pump head', 3, 0, 0, '', 0, '', 0),
(5, 50465235, 'F016F05013', 'High-Pressure Hose', 10, 0, 0, '', 0, '', 0),
(5, 50465235, 'F016F05052', 'Water filter', 30, 0, 0, '', 0, '', 0),
(5, 50465235, 'F016F05053', '3-in-1-nozzle', 2, 0, 0, '', 0, '', 0),
(5, 50465235, 'F016F05054', 'Fixed fan jet nozzle', 2, 0, 0, '', 0, '', 0),
(5, 50465235, 'F016F05280', 'Trigger Handle', 15, 0, 0, '', 0, '', 0),
(5, 50465235, 'F016F05281', 'Lance', 5, 0, 0, '', 0, '', 0),
(5, 50465235, 'F016F05362', 'Nozzle', 5, 0, 0, '', 0, '', 0),
(5, 50465235, 'F016L72014', 'O-RING', 1, 0, 0, '', 0, '', 0),
(5, 50465235, 'F016L72017', 'Spring', 1, 0, 0, '', 0, '', 0),
(5, 50465235, 'F016L72021', 'Valve', 1, 0, 0, '', 0, '', 0),
(5, 50465235, 'F016L72022', 'O-RING', 2, 0, 0, '', 0, '', 0),
(5, 50465235, 'F016L72028', 'Nipple', 2, 0, 0, '', 0, '', 0),
(5, 50465235, 'F016L72034', 'Spacer Ring', 1, 0, 0, '', 0, '', 0),
(5, 50465235, 'F016L72036', 'Piston Guide', 1, 0, 0, '', 0, '', 0),
(5, 50465235, 'F016L72072', 'Spring', 2, 0, 0, '', 0, '', 0),
(5, 50465235, 'F016L72073', 'BALL', 2, 0, 0, '', 0, '', 0),
(5, 50465235, 'F016L72074', 'O-RING', 2, 0, 0, '', 0, '', 0),
(5, 50465235, 'F016L72090', 'Condenser', 1, 0, 0, '', 0, '', 0),
(5, 50465235, 'F016L72201', 'Screw', 1, 0, 0, '', 0, '', 0),
(5, 50465235, 'F016L72245', 'Screw', 1, 0, 0, '', 0, '', 0),
(5, 50465235, 'F016L72256', 'Switch', 1, 0, 0, '', 0, '', 0),
(5, 50465235, 'F016L72259', 'Switch', 1, 0, 0, '', 0, '', 0),
(5, 0, '', '', 3, 0, 0, '', 0, '', 0);

--
-- Triggers `inbounddetails`
--
DELIMITER $$
CREATE TRIGGER `update_phyqty` BEFORE UPDATE ON `inbounddetails` FOR EACH ROW SET NEW.phyqty = NEW.ap + NEW.dm
$$
DELIMITER ;

-- --------------------------------------------------------

--
-- Table structure for table `pickup`
--

CREATE TABLE `pickup` (
  `id` int(50) NOT NULL,
  `description` varchar(500) NOT NULL,
  `date` date NOT NULL DEFAULT current_timestamp(),
  `time` time NOT NULL DEFAULT current_timestamp(),
  `confirm` varchar(50) NOT NULL DEFAULT 'unbegun',
  `user` varchar(50) NOT NULL DEFAULT 'Currently Unavailable',
  `starttime` time NOT NULL,
  `endtime` time NOT NULL,
  `admin` varchar(50) NOT NULL
) ENGINE=InnoDB DEFAULT CHARSET=utf8mb4 COLLATE=utf8mb4_general_ci;

--
-- Dumping data for table `pickup`
--

INSERT INTO `pickup` (`id`, `description`, `date`, `time`, `confirm`, `user`, `starttime`, `endtime`, `admin`) VALUES
(1, 'NSBM', '2024-01-09', '22:10:24', 'finished', 'User Employee', '22:43:55', '19:22:48', '1'),
(2, 'Cocacola', '2024-01-09', '22:14:55', 'finished', 'User Employee', '19:23:31', '19:34:33', '1');

-- --------------------------------------------------------

--
-- Table structure for table `pickupdetails`
--

CREATE TABLE `pickupdetails` (
  `pickupid` int(50) NOT NULL,
  `location` varchar(100) NOT NULL,
  `skucode` varchar(50) NOT NULL,
  `description` varchar(500) NOT NULL,
  `caseno` varchar(50) NOT NULL,
  `lotno` varchar(50) NOT NULL,
  `st` varchar(50) NOT NULL,
  `uom` varchar(50) NOT NULL,
  `orderqty` varchar(50) NOT NULL,
  `confqty` varchar(50) NOT NULL,
  `pqty` int(50) NOT NULL,
  `confirm` tinyint(1) NOT NULL DEFAULT 0
) ENGINE=InnoDB DEFAULT CHARSET=utf8mb4 COLLATE=utf8mb4_general_ci;

--
-- Dumping data for table `pickupdetails`
--

INSERT INTO `pickupdetails` (`pickupid`, `location`, `skucode`, `description`, `caseno`, `lotno`, `st`, `uom`, `orderqty`, `confqty`, `pqty`, `confirm`) VALUES
(1, 'R01-13-01-01-01', '9411038384', '903 384 ELEMENT', '', 'C4', 'AP', 'EACH', '30', '30', 0, 1),
(1, 'R01-13-01-01-01', '9411038433', '[PKG] : PKG01', '', 'C4', 'AP', 'EACH', '18', '18', 0, 0),
(1, 'R01-13-01-01-01', '9430034285', 'Nozzele', '', 'C3', 'AP', 'EACH', '48', '48', 0, 1),
(1, 'R01-13-01-01-01', 'F002B10645', '[PKG] : PKG01', '', 'C5', 'AP', 'EACH', '36', '36', 0, 0),
(1, 'R01-13-01-01-01', 'F002B10717', '[PKG] : PKG01', '', 'C4', 'AP', 'EACH', '48', '48', 0, 0),
(1, 'R01-13-01-04-01', '1467030308', '[PKG] : PKG01', '', 'NOT_LOT', 'AP', 'EACH', '64', '64', 0, 0),
(2, 'R01-13-01-01-01', '9411038384', '903 384 ELEMENT', '', 'C4', 'AP', 'EACH', '30', '30', 0, 0),
(2, 'R01-13-01-01-01', '9411038433', '[PKG] : PKG01', '', 'C4', 'AP', 'EACH', '18', '18', 2, 1),
(2, 'R01-13-01-01-01', '9430034285', 'Nozzele', '', 'C3', 'AP', 'EACH', '48', '48', 0, 0),
(2, 'R01-13-01-01-01', 'F002B10645', '[PKG] : PKG01', '', 'C5', 'AP', 'EACH', '36', '36', 36, 1),
(2, 'R01-13-01-01-01', 'F002B10717', '[PKG] : PKG01', '', 'C4', 'AP', 'EACH', '48', '48', 0, 0),
(2, 'R01-13-01-04-01', '1467030308', '[PKG] : PKG01', '', 'NOT_LOT', 'AP', 'EACH', '64', '64', 0, 0);

-- --------------------------------------------------------

--
-- Table structure for table `putaway`
--

CREATE TABLE `putaway` (
  `id` int(50) NOT NULL,
  `description` varchar(500) NOT NULL,
  `date` date NOT NULL DEFAULT current_timestamp(),
  `time` time NOT NULL DEFAULT current_timestamp(),
  `confirm` varchar(50) NOT NULL DEFAULT 'unbegun',
  `user` varchar(50) NOT NULL DEFAULT 'Currently Unavailable',
  `starttime` time NOT NULL,
  `endtime` time NOT NULL,
  `admin` varchar(50) NOT NULL
) ENGINE=InnoDB DEFAULT CHARSET=utf8mb4 COLLATE=utf8mb4_general_ci;

--
-- Dumping data for table `putaway`
--

INSERT INTO `putaway` (`id`, `description`, `date`, `time`, `confirm`, `user`, `starttime`, `endtime`, `admin`) VALUES
(1, 'NSBM', '2024-01-10', '20:23:34', 'finished', 'User Employee', '20:42:04', '21:04:44', '1'),
(2, 'Cocacola', '2024-01-10', '20:24:02', 'ongoing', 'User Employee', '21:04:47', '00:00:00', '1'),
(3, 'KFC', '2024-01-10', '20:24:11', 'unbegun', 'Currently Unavailable', '00:00:00', '00:00:00', '1');

-- --------------------------------------------------------

--
-- Table structure for table `putawaydetails`
--

CREATE TABLE `putawaydetails` (
  `putawayid` int(50) NOT NULL,
  `skucode` varchar(50) NOT NULL,
  `description` varchar(500) NOT NULL,
  `lotno` varchar(50) NOT NULL,
  `st` varchar(50) NOT NULL,
  `location` varchar(50) NOT NULL,
  `uom` varchar(50) NOT NULL,
  `expqty` int(50) NOT NULL,
  `confqty` int(50) NOT NULL,
  `sqty` int(50) NOT NULL,
  `confirm` tinyint(1) NOT NULL DEFAULT 0
) ENGINE=InnoDB DEFAULT CHARSET=utf8mb4 COLLATE=utf8mb4_general_ci;

--
-- Dumping data for table `putawaydetails`
--

INSERT INTO `putawaydetails` (`putawayid`, `skucode`, `description`, `lotno`, `st`, `location`, `uom`, `expqty`, `confqty`, `sqty`, `confirm`) VALUES
(1, '1600A000VY', '[PKG] : PKG01', '379.23-003', 'AP', 'R01-09-01-01-01', 'CASE', 145, 25, 0, 0),
(1, '1600A003G4', '[PKG] : PKG01', '389.23-004', 'AP', 'R01-09-03-02-01', 'CASE', 40, 10, 1, 1),
(1, '1600A004BS', '[PKG] : PKG01', '389.23-004', 'AP', 'R01-09-06-03-01', 'CASE', 80, 30, 0, 0),
(1, '1600A00F8P', '[PKG] : PKG01', '389.23-004', 'AP', 'R01-09-07-01-01', 'CASE', 80, 20, 0, 0),
(1, '1600A00FG7', '[PKG] : PKG01', '389.23-004', 'AP', 'R01-09-07-01-01', 'CASE', 145, 30, 30, 1),
(1, '1600A00HR1', '[PKG] : PKG01', '379.23-003', 'AP', 'R01-09-30-01-01', 'CASE', 145, 30, 0, 0),
(1, '1600A00N61', '[PKG] : PKG01', '379.23-003', 'AP', 'R01-05-30-01-01', 'CASE', 145, 30, 0, 0),
(1, '1600A011KB', '[PKG] : PKG01', '379.23-003', 'AP', 'R01-05-30-05-01', 'CASE', 40, 30, 30, 1),
(2, '1600A000VY', '[PKG] : PKG01', '379.23-003', 'AP', 'R01-09-01-01-01', 'CASE', 145, 25, 0, 0),
(2, '1600A003G4', '[PKG] : PKG01', '389.23-004', 'AP', 'R01-09-03-02-01', 'CASE', 40, 10, 0, 0),
(2, '1600A004BS', '[PKG] : PKG01', '389.23-004', 'AP', 'R01-09-06-03-01', 'CASE', 80, 30, 0, 0),
(2, '1600A00F8P', '[PKG] : PKG01', '389.23-004', 'AP', 'R01-09-07-01-01', 'CASE', 80, 20, 0, 0),
(2, '1600A00FG7', '[PKG] : PKG01', '389.23-004', 'AP', 'R01-09-07-01-01', 'CASE', 145, 30, 0, 0),
(2, '1600A00HR1', '[PKG] : PKG01', '379.23-003', 'AP', 'R01-09-30-01-01', 'CASE', 145, 30, 0, 0),
(2, '1600A00N61', '[PKG] : PKG01', '379.23-003', 'AP', 'R01-05-30-01-01', 'CASE', 145, 30, 0, 0),
(2, '1600A011KB', '[PKG] : PKG01', '379.23-003', 'AP', 'R01-05-30-05-01', 'CASE', 40, 30, 0, 0),
(3, '1600A000VY', '[PKG] : PKG01', '379.23-003', 'AP', 'R01-09-01-01-01', 'CASE', 145, 25, 0, 0),
(3, '1600A003G4', '[PKG] : PKG01', '389.23-004', 'AP', 'R01-09-03-02-01', 'CASE', 40, 10, 0, 0),
(3, '1600A004BS', '[PKG] : PKG01', '389.23-004', 'AP', 'R01-09-06-03-01', 'CASE', 80, 30, 0, 0),
(3, '1600A00F8P', '[PKG] : PKG01', '389.23-004', 'AP', 'R01-09-07-01-01', 'CASE', 80, 20, 0, 0),
(3, '1600A00FG7', '[PKG] : PKG01', '389.23-004', 'AP', 'R01-09-07-01-01', 'CASE', 145, 30, 0, 0),
(3, '1600A00HR1', '[PKG] : PKG01', '379.23-003', 'AP', 'R01-09-30-01-01', 'CASE', 145, 30, 0, 0),
(3, '1600A00N61', '[PKG] : PKG01', '379.23-003', 'AP', 'R01-05-30-01-01', 'CASE', 145, 30, 0, 0),
(3, '1600A011KB', '[PKG] : PKG01', '379.23-003', 'AP', 'R01-05-30-05-01', 'CASE', 40, 30, 0, 0);

-- --------------------------------------------------------

--
-- Table structure for table `shipping`
--

CREATE TABLE `shipping` (
  `id` int(50) NOT NULL,
  `description` varchar(500) NOT NULL,
  `date` date NOT NULL DEFAULT current_timestamp(),
  `time` time NOT NULL DEFAULT current_timestamp(),
  `confirm` varchar(50) NOT NULL DEFAULT 'unbegun',
  `user` varchar(50) NOT NULL DEFAULT 'Currently Unavailable',
  `starttime` time NOT NULL,
  `endtime` time NOT NULL,
  `admin` varchar(50) NOT NULL
) ENGINE=InnoDB DEFAULT CHARSET=utf8mb4 COLLATE=utf8mb4_general_ci;

--
-- Dumping data for table `shipping`
--

INSERT INTO `shipping` (`id`, `description`, `date`, `time`, `confirm`, `user`, `starttime`, `endtime`, `admin`) VALUES
(1, 'NSBM', '2024-01-05', '20:39:42', 'finished', 'User Employee', '21:54:59', '20:19:52', '1'),
(2, 'Cocacola', '2024-01-05', '20:40:30', 'unbegun', 'Currently Unavailable', '00:00:00', '00:00:00', '1'),
(3, 'Hemas', '2024-01-05', '21:10:32', 'unbegun', 'Currently Unavailable', '00:00:00', '00:00:00', '1');

-- --------------------------------------------------------

--
-- Table structure for table `shippingdetails`
--

CREATE TABLE `shippingdetails` (
  `shippingid` int(50) NOT NULL,
  `issdate` varchar(50) NOT NULL,
  `issno` varchar(50) NOT NULL,
  `reclsstypecode` varchar(50) NOT NULL,
  `custcode` varchar(50) NOT NULL,
  `skucode` varchar(50) NOT NULL,
  `prodstatuscode` varchar(50) NOT NULL,
  `locationcode` varchar(50) NOT NULL,
  `orderqty` varchar(50) NOT NULL,
  `rqty` int(50) NOT NULL,
  `confirm` tinyint(1) NOT NULL DEFAULT 0
) ENGINE=InnoDB DEFAULT CHARSET=utf8mb4 COLLATE=utf8mb4_general_ci;

--
-- Dumping data for table `shippingdetails`
--

INSERT INTO `shippingdetails` (`shippingid`, `issdate`, `issno`, `reclsstypecode`, `custcode`, `skucode`, `prodstatuscode`, `locationcode`, `orderqty`, `rqty`, `confirm`) VALUES
(1, '09-06-2023', '25001445 - TEST', 'DO', '17027974', '1465134748', 'AP', 'NSBM Green University - 123@#', '2', 1, 1),
(1, '09-06-2023', '25001445 - TEST', 'DO', '17027974', '1465134914', 'AP', '', '5', 0, 0),
(1, '09-06-2023', '25001445 - TEST', 'DO', '17027974', '1466100401', 'AP', '', '30', 30, 1),
(1, '09-06-2023', '25001445 - TEST', 'DO', '17027974', '1466110621', 'AP', '', '10', 0, 0),
(1, '09-06-2023', '25001445 - TEST', 'DO', '17027974', '1466110637', 'AP', '', '20', 0, 0),
(1, '09-06-2023', '25001445 - TEST', 'DO', '17027974', '1467030308', 'AP', '', '100', 0, 0),
(1, '09-06-2023', '25001445 - TEST', 'DO', '17027974', '1468376016', 'AP', '', '5', 0, 0),
(1, '09-06-2023', '25001445 - TEST', 'DO', '17027974', '9411038354', 'AP', '', '30', 0, 0),
(1, '09-06-2023', '25001445 - TEST', 'DO', '17027974', '9411038384', 'AP', '', '30', 0, 0),
(1, '09-06-2023', '25001445 - TEST', 'DO', '17027974', '9411038428', 'AP', '', '60', 0, 0),
(1, '09-06-2023', '25001445 - TEST', 'DO', '17027974', '9411038433', 'AP', '', '18', 0, 0),
(1, '09-06-2023', '25001445 - TEST', 'DO', '17027974', '9412038431', 'AP', '', '60', 0, 0),
(1, '09-06-2023', '25001445 - TEST', 'DO', '17027974', '9430034272', 'AP', '', '24', 0, 0),
(1, '09-06-2023', '25001445 - TEST', 'DO', '17027974', '9430034284', 'AP', '', '34', 0, 0),
(1, '09-06-2023', '25001445 - TEST', 'DO', '17027974', '9430034285', 'AP', '', '48', 0, 0),
(1, '09-06-2023', '25001445 - TEST', 'DO', '17027974', '9440030002', 'AP', '', '10', 0, 0),
(1, '09-06-2023', '25001445 - TEST', 'DO', '17027974', '9440030003', 'AP', '', '25', 0, 0),
(1, '09-06-2023', '25001445 - TEST', 'DO', '17027974', '9440030030', 'AP', '', '10', 0, 0),
(1, '09-06-2023', '25001445 - TEST', 'DO', '17027974', '9951030098', 'AP', '', '3000', 0, 0),
(1, '09-06-2023', '25001445 - TEST', 'DO', '17027974', 'F002B10027', 'AP', '', '24', 0, 0),
(1, '09-06-2023', '25001445 - TEST', 'DO', '17027974', 'F002B10525', 'AP', '', '24', 0, 0),
(1, '09-06-2023', '25001445 - TEST', 'DO', '17027974', 'F002B10552', 'AP', '', '24', 0, 0),
(1, '09-06-2023', '25001445 - TEST', 'DO', '17027974', 'F002B10608', 'AP', '', '100', 0, 0),
(1, '09-06-2023', '25001445 - TEST', 'DO', '17027974', 'F002B10645', 'AP', '', '36', 0, 0),
(1, '09-06-2023', '25001445 - TEST', 'DO', '17027974', 'F002B10717', 'AP', '', '48', 0, 0),
(1, '09-06-2023', '25001445 - TEST', 'DO', '17027974', 'F002C10607', 'AP', '', '96', 0, 0),
(1, '09-06-2023', '25001445 - TEST', 'DO', '17027974', 'F002C30137', 'AP', '', '30', 0, 0),
(1, '09-06-2023', '25001445 - TEST', 'DO', '17027974', 'F002C40007', 'AP', '', '8', 0, 0),
(1, '09-06-2023', '25001445 - TEST', 'DO', '17027974', 'F002C40531', 'AP', '', '30', 0, 0),
(1, '09-06-2023', '25001445 - TEST', 'DO', '17027974', 'F002C40563', 'AP', '', '116', 0, 0),
(1, '09-06-2023', '25001445 - TEST', 'DO', '17027974', 'F002C40578', 'AP', '', '36', 0, 0),
(1, '09-06-2023', '25001445 - TEST', 'DO', '17027974', 'F002C40639', 'AP', '', '18', 0, 0),
(1, '09-06-2023', '25001445 - TEST', 'DO', '17027974', 'F002C40688', 'AP', '', '30', 0, 0),
(1, '09-06-2023', '25001445 - TEST', 'DO', '17027974', 'F002H20306', 'AP', '', '300', 0, 0),
(1, '09-06-2023', '25001445 - TEST', 'DO', '17027974', 'F002H50279', 'AP', '', '500', 0, 0),
(1, '09-06-2023', '25001445 - TEST', 'DO', '17027974', 'F002H50911', 'AP', '', '100', 0, 0),
(1, '09-06-2023', '25001445 - TEST', 'DO', '17027974', 'F002H50941', 'AP', '', '50', 0, 0),
(1, '09-06-2023', '25001445 - TEST', 'DO', '17027974', 'F00ZC99559', 'AP', '', '50', 0, 0),
(2, '09-06-2023', '25001445 - TEST', 'DO', '17027974', '1465134748', 'AP', '', '2', 0, 0),
(2, '09-06-2023', '25001445 - TEST', 'DO', '17027974', '1465134914', 'AP', '', '5', 0, 0),
(2, '09-06-2023', '25001445 - TEST', 'DO', '17027974', '1466100401', 'AP', '', '30', 0, 0),
(2, '09-06-2023', '25001445 - TEST', 'DO', '17027974', '1466110621', 'AP', '', '10', 0, 0),
(2, '09-06-2023', '25001445 - TEST', 'DO', '17027974', '1466110637', 'AP', '', '20', 0, 0),
(2, '09-06-2023', '25001445 - TEST', 'DO', '17027974', '1467030308', 'AP', '', '100', 0, 0),
(2, '09-06-2023', '25001445 - TEST', 'DO', '17027974', '1468376016', 'AP', '', '5', 0, 0),
(2, '09-06-2023', '25001445 - TEST', 'DO', '17027974', '9411038354', 'AP', '', '30', 0, 0),
(2, '09-06-2023', '25001445 - TEST', 'DO', '17027974', '9411038384', 'AP', '', '30', 0, 0),
(2, '09-06-2023', '25001445 - TEST', 'DO', '17027974', '9411038428', 'AP', '', '60', 0, 0),
(2, '09-06-2023', '25001445 - TEST', 'DO', '17027974', '9411038433', 'AP', '', '18', 0, 0),
(2, '09-06-2023', '25001445 - TEST', 'DO', '17027974', '9412038431', 'AP', '', '60', 0, 0),
(2, '09-06-2023', '25001445 - TEST', 'DO', '17027974', '9430034272', 'AP', '', '24', 0, 0),
(2, '09-06-2023', '25001445 - TEST', 'DO', '17027974', '9430034284', 'AP', '', '34', 0, 0),
(2, '09-06-2023', '25001445 - TEST', 'DO', '17027974', '9430034285', 'AP', '', '48', 0, 0),
(2, '09-06-2023', '25001445 - TEST', 'DO', '17027974', '9440030002', 'AP', '', '10', 0, 0),
(2, '09-06-2023', '25001445 - TEST', 'DO', '17027974', '9440030003', 'AP', '', '25', 0, 0),
(2, '09-06-2023', '25001445 - TEST', 'DO', '17027974', '9440030030', 'AP', '', '10', 0, 0),
(2, '09-06-2023', '25001445 - TEST', 'DO', '17027974', '9951030098', 'AP', '', '3000', 0, 0),
(2, '09-06-2023', '25001445 - TEST', 'DO', '17027974', 'F002B10027', 'AP', '', '24', 0, 0),
(2, '09-06-2023', '25001445 - TEST', 'DO', '17027974', 'F002B10525', 'AP', '', '24', 0, 0),
(2, '09-06-2023', '25001445 - TEST', 'DO', '17027974', 'F002B10552', 'AP', '', '24', 0, 0),
(2, '09-06-2023', '25001445 - TEST', 'DO', '17027974', 'F002B10608', 'AP', '', '100', 0, 0),
(2, '09-06-2023', '25001445 - TEST', 'DO', '17027974', 'F002B10645', 'AP', '', '36', 0, 0),
(2, '09-06-2023', '25001445 - TEST', 'DO', '17027974', 'F002B10717', 'AP', '', '48', 0, 0),
(2, '09-06-2023', '25001445 - TEST', 'DO', '17027974', 'F002C10607', 'AP', '', '96', 0, 0),
(2, '09-06-2023', '25001445 - TEST', 'DO', '17027974', 'F002C30137', 'AP', '', '30', 0, 0),
(2, '09-06-2023', '25001445 - TEST', 'DO', '17027974', 'F002C40007', 'AP', '', '8', 0, 0),
(2, '09-06-2023', '25001445 - TEST', 'DO', '17027974', 'F002C40531', 'AP', '', '30', 0, 0),
(2, '09-06-2023', '25001445 - TEST', 'DO', '17027974', 'F002C40563', 'AP', '', '116', 0, 0),
(2, '09-06-2023', '25001445 - TEST', 'DO', '17027974', 'F002C40578', 'AP', '', '36', 0, 0),
(2, '09-06-2023', '25001445 - TEST', 'DO', '17027974', 'F002C40639', 'AP', '', '18', 0, 0),
(2, '09-06-2023', '25001445 - TEST', 'DO', '17027974', 'F002C40688', 'AP', '', '30', 0, 0),
(2, '09-06-2023', '25001445 - TEST', 'DO', '17027974', 'F002H20306', 'AP', '', '300', 0, 0),
(2, '09-06-2023', '25001445 - TEST', 'DO', '17027974', 'F002H50279', 'AP', '', '500', 0, 0),
(2, '09-06-2023', '25001445 - TEST', 'DO', '17027974', 'F002H50911', 'AP', '', '100', 0, 0),
(2, '09-06-2023', '25001445 - TEST', 'DO', '17027974', 'F002H50941', 'AP', '', '50', 0, 0),
(2, '09-06-2023', '25001445 - TEST', 'DO', '17027974', 'F00ZC99559', 'AP', '', '50', 0, 0),
(3, '09-06-2023', '25001445 - TEST', 'DO', '17027974', '1465134748', 'AP', '', '2', 0, 0),
(3, '09-06-2023', '25001445 - TEST', 'DO', '17027974', '1465134914', 'AP', '', '5', 0, 0),
(3, '09-06-2023', '25001445 - TEST', 'DO', '17027974', '1466100401', 'AP', '', '30', 0, 0),
(3, '09-06-2023', '25001445 - TEST', 'DO', '17027974', '1466110621', 'AP', '', '10', 0, 0),
(3, '09-06-2023', '25001445 - TEST', 'DO', '17027974', '1466110637', 'AP', '', '20', 0, 0),
(3, '09-06-2023', '25001445 - TEST', 'DO', '17027974', '1467030308', 'AP', '', '100', 0, 0),
(3, '09-06-2023', '25001445 - TEST', 'DO', '17027974', '1468376016', 'AP', '', '5', 0, 0),
(3, '09-06-2023', '25001445 - TEST', 'DO', '17027974', '9411038354', 'AP', '', '30', 0, 0),
(3, '09-06-2023', '25001445 - TEST', 'DO', '17027974', '9411038384', 'AP', '', '30', 0, 0),
(3, '09-06-2023', '25001445 - TEST', 'DO', '17027974', '9411038428', 'AP', '', '60', 0, 0),
(3, '09-06-2023', '25001445 - TEST', 'DO', '17027974', '9411038433', 'AP', '', '18', 0, 0),
(3, '09-06-2023', '25001445 - TEST', 'DO', '17027974', '9412038431', 'AP', '', '60', 0, 0),
(3, '09-06-2023', '25001445 - TEST', 'DO', '17027974', '9430034272', 'AP', '', '24', 0, 0),
(3, '09-06-2023', '25001445 - TEST', 'DO', '17027974', '9430034284', 'AP', '', '34', 0, 0),
(3, '09-06-2023', '25001445 - TEST', 'DO', '17027974', '9430034285', 'AP', '', '48', 0, 0),
(3, '09-06-2023', '25001445 - TEST', 'DO', '17027974', '9440030002', 'AP', '', '10', 0, 0),
(3, '09-06-2023', '25001445 - TEST', 'DO', '17027974', '9440030003', 'AP', '', '25', 0, 0),
(3, '09-06-2023', '25001445 - TEST', 'DO', '17027974', '9440030030', 'AP', '', '10', 0, 0),
(3, '09-06-2023', '25001445 - TEST', 'DO', '17027974', '9951030098', 'AP', '', '3000', 0, 0),
(3, '09-06-2023', '25001445 - TEST', 'DO', '17027974', 'F002B10027', 'AP', '', '24', 0, 0),
(3, '09-06-2023', '25001445 - TEST', 'DO', '17027974', 'F002B10525', 'AP', '', '24', 0, 0),
(3, '09-06-2023', '25001445 - TEST', 'DO', '17027974', 'F002B10552', 'AP', '', '24', 0, 0),
(3, '09-06-2023', '25001445 - TEST', 'DO', '17027974', 'F002B10608', 'AP', '', '100', 0, 0),
(3, '09-06-2023', '25001445 - TEST', 'DO', '17027974', 'F002B10645', 'AP', '', '36', 0, 0),
(3, '09-06-2023', '25001445 - TEST', 'DO', '17027974', 'F002B10717', 'AP', '', '48', 0, 0),
(3, '09-06-2023', '25001445 - TEST', 'DO', '17027974', 'F002C10607', 'AP', '', '96', 0, 0),
(3, '09-06-2023', '25001445 - TEST', 'DO', '17027974', 'F002C30137', 'AP', '', '30', 0, 0),
(3, '09-06-2023', '25001445 - TEST', 'DO', '17027974', 'F002C40007', 'AP', '', '8', 0, 0),
(3, '09-06-2023', '25001445 - TEST', 'DO', '17027974', 'F002C40531', 'AP', '', '30', 0, 0),
(3, '09-06-2023', '25001445 - TEST', 'DO', '17027974', 'F002C40563', 'AP', '', '116', 0, 0),
(3, '09-06-2023', '25001445 - TEST', 'DO', '17027974', 'F002C40578', 'AP', '', '36', 0, 0),
(3, '09-06-2023', '25001445 - TEST', 'DO', '17027974', 'F002C40639', 'AP', '', '18', 0, 0),
(3, '09-06-2023', '25001445 - TEST', 'DO', '17027974', 'F002C40688', 'AP', '', '30', 0, 0),
(3, '09-06-2023', '25001445 - TEST', 'DO', '17027974', 'F002H20306', 'AP', '', '300', 0, 0),
(3, '09-06-2023', '25001445 - TEST', 'DO', '17027974', 'F002H50279', 'AP', '', '500', 0, 0),
(3, '09-06-2023', '25001445 - TEST', 'DO', '17027974', 'F002H50911', 'AP', '', '100', 0, 0),
(3, '09-06-2023', '25001445 - TEST', 'DO', '17027974', 'F002H50941', 'AP', '', '50', 0, 0),
(3, '09-06-2023', '25001445 - TEST', 'DO', '17027974', 'F00ZC99559', 'AP', '', '50', 0, 0);

-- --------------------------------------------------------

--
-- Table structure for table `users`
--

CREATE TABLE `users` (
  `id` int(50) NOT NULL,
  `fullname` varchar(100) NOT NULL,
  `dob` date NOT NULL,
  `number` varchar(50) NOT NULL,
  `address` varchar(150) NOT NULL,
  `username` varchar(50) NOT NULL,
  `password` varchar(50) NOT NULL,
  `privilege` varchar(50) NOT NULL
) ENGINE=InnoDB DEFAULT CHARSET=utf8mb4 COLLATE=utf8mb4_general_ci;

--
-- Dumping data for table `users`
--

INSERT INTO `users` (`id`, `fullname`, `dob`, `number`, `address`, `username`, `password`, `privilege`) VALUES
(1, 'Admin Editor', '2000-01-01', '123456789', '111,colombo', 'admin', 'd033e22ae348aeb5660fc2140aec35850c4da997', 'Admin'),
(2, 'Kumar Sanga', '2024-01-03', '0711234567', '111', '', '', 'User'),
(3, 'User Employee', '2024-01-03', '0123456789', '111,Colombo', 'user', '12dea96fec20593566ab75692c9949596833adc9', 'User');
COMMIT;

/*!40101 SET CHARACTER_SET_CLIENT=@OLD_CHARACTER_SET_CLIENT */;
/*!40101 SET CHARACTER_SET_RESULTS=@OLD_CHARACTER_SET_RESULTS */;
/*!40101 SET COLLATION_CONNECTION=@OLD_COLLATION_CONNECTION */;
